station id,water year,year,month,day,daily rain,code,
210,1965,1964,10,27,0.10, ,
210,1965,1964,10,28,0.52, ,
210,1965,1964,10,29,0.22, ,
210,1965,1964,11,7,0.07, ,
210,1965,1964,11,8,0.32, ,
210,1965,1964,11,9,0.52, ,
210,1965,1964,11,10,0.51, ,
210,1965,1964,11,11,0.24, ,
210,1965,1964,11,12,0.01, ,
210,1965,1964,11,17,0.14, ,
210,1965,1964,11,19,2.40, ,
210,1965,1964,11,20,2.06, ,
210,1965,1964,11,21,0.02, ,
210,1965,1964,12,26,0.19, ,
210,1965,1964,12,27,0.39, ,
210,1965,1964,12,28,0.21, ,
210,1965,1964,12,30,0.09, ,
210,1965,1964,12,31,0.06, ,
210,1965,1965,1,1,0.15, ,
210,1965,1965,1,6,0.67,,
210,1965,1965,1,7,0.15,,
210,1965,1965,1,23,0.19,,
210,1965,1965,1,24,0.05,,
210,1965,1965,2,5,0.39,,
210,1965,1965,2,6,0.20,,
210,1965,1965,3,4,0.19,,
210,1965,1965,3,6,0.25,,
210,1965,1965,3,9,0.16,,
210,1965,1965,3,11,0.38,,
210,1965,1965,3,12,0.02,,
210,1965,1965,3,31,1.27,,
210,1965,1965,4,1,0.91,,
210,1965,1965,4,2,1.07,,
210,1965,1965,4,3,0.67,,
210,1965,1965,4,4,0.59,,
210,1965,1965,4,6,0.05,,
210,1965,1965,4,7,0.09,,
210,1965,1965,4,8,2.35,,
210,1965,1965,4,9,2.65,,
210,1965,1965,4,12,0.08,,
210,1965,1965,5,13,0.08,,
210,1966,1965,11,14,1.32,,
210,1966,1965,11,15,0.74,,
210,1966,1965,11,16,3.73,,
210,1966,1965,11,17,0.64,,
210,1966,1965,11,18,0.86,,
210,1966,1965,11,22,1.63,,
210,1966,1965,11,23,0.65,,
210,1966,1965,11,24,0.75,,
210,1966,1965,11,25,0.17,,
210,1966,1965,12,9,0.39,,
210,1966,1965,12,11,0.24,,
210,1966,1965,12,12,0.16,,
210,1966,1965,12,28,0.36,,
210,1966,1965,12,29,3.69,,
210,1966,1965,12,30,0.38,,
210,1966,1965,12,31,0.12,,
210,1966,1966,1,29,0.62,,
210,1966,1966,1,30,1.42,,
210,1966,1966,2,5,0.41,,
210,1966,1966,2,6,0.50,,
210,1966,1966,3,1,0.05,,
210,1966,1966,3,2,0.09,,
210,1966,1966,5,8,0.12, ,
210,1967,1966,9,29,0.08,,
210,1967,1966,10,5,0.10,,
210,1967,1966,11,5,0.67,,
210,1967,1966,11,6,2.58,,
210,1967,1966,11,20,0.23,,
210,1967,1966,11,28,0.15,,
210,1967,1966,12,2,3.45,,
210,1967,1966,12,3,0.38,,
210,1967,1966,12,4,0.62,,
210,1967,1966,12,5,2.03,,
210,1967,1966,12,6,2.64,,
210,1967,1967,1,21,0.26,,
210,1967,1967,1,22,2.38,,
210,1967,1967,1,24,4.28,,
210,1967,1967,1,30,0.33,,
210,1967,1967,2,24,0.08,,
210,1967,1967,2,25,0.37,,
210,1967,1967,3,10,0.10,,
210,1967,1967,3,11,0.67,,
210,1967,1967,3,12,1.04,,
210,1967,1967,3,13,0.29,,
210,1967,1967,3,16,0.20,,
210,1967,1967,3,30,0.38,,
210,1967,1967,3,31,0.49,,
210,1967,1967,4,1,0.50,,
210,1967,1967,4,4,0.71,,
210,1967,1967,4,7,1.74,,
210,1967,1967,4,10,0.89,,
210,1967,1967,4,11,0.21,,
210,1967,1967,4,18,0.83,,
210,1967,1967,4,19,0.19,,
210,1967,1967,4,20,0.03,,
210,1967,1967,4,21,1.09,,
210,1967,1967,4,23,0.08,,
210,1967,1967,4,24,0.12,,
210,1968,1967,11,18,0.55,,
210,1968,1967,11,19,1.32,,
210,1968,1967,11,21,1.38,,
210,1968,1967,11,29,0.05,,
210,1968,1967,11,30,1.65,,
210,1968,1967,12,18,0.40,,
210,1968,1967,12,19,0.20,,
210,1968,1968,1,10,0.69,,
210,1968,1968,1,26,0.15,,
210,1968,1968,1,27,0.62,,
210,1968,1968,1,30,0.17,,
210,1968,1968,1,31,0.17,,
210,1968,1968,2,9,0.09,,
210,1968,1968,2,12,0.33,,
210,1968,1968,2,13,0.06,,
210,1968,1968,2,16,0.11,,
210,1968,1968,2,17,1.01,,
210,1968,1968,3,7,3.26,,
210,1968,1968,3,8,0.40,,
210,1968,1968,3,13,0.70,,
210,1968,1968,4,1,1.16,,
210,1969,1968,10,13,0.05,,
210,1969,1968,10,14,0.60,,
210,1969,1968,11,15,0.39,,
210,1969,1968,12,10,0.13,,
210,1969,1968,12,11,0.03,,
210,1969,1968,12,14,0.05,,
210,1969,1968,12,15,0.49,,
210,1969,1968,12,16,0.30,,
210,1969,1968,12,29,0.37,,
210,1969,1968,12,30,0.21,,
210,1969,1969,1,13,0.84,,
210,1969,1969,1,14,0.06,,
210,1969,1969,1,18,1.54,,
210,1969,1969,1,19,6.02,,
210,1969,1969,1,20,1.75,,
210,1969,1969,1,21,1.64,,
210,1969,1969,1,22,0.17,,
210,1969,1969,1,23,0.46,,
210,1969,1969,1,24,4.26,,
210,1969,1969,1,25,4.55,,
210,1969,1969,1,26,1.48,,
210,1969,1969,2,5,1.43,,
210,1969,1969,2,6,0.47,,
210,1969,1969,2,15,1.20,,
210,1969,1969,2,18,0.22,,
210,1969,1969,2,21,0.53,,
210,1969,1969,2,22,0.13,,
210,1969,1969,2,23,2.74,,
210,1969,1969,2,24,2.63,,
210,1969,1969,2,25,0.16,,
210,1969,1969,2,26,0.12,,
210,1969,1969,2,28,0.70,,
210,1969,1969,3,10,0.21,,
210,1969,1969,4,1,0.33,,
210,1969,1969,4,2,0.75,,
210,1969,1969,4,6,1.28,,
210,1970,1969,11,5,0.52,,
210,1970,1969,11,6,1.83,,
210,1970,1969,11,8,0.09,,
210,1970,1969,12,8,0.08,,
210,1970,1969,12,9,0.07,,
210,1970,1970,1,9,1.95,,
210,1970,1970,1,10,0.09,,
210,1970,1970,1,11,0.40,,
210,1970,1970,1,12,0.01,,
210,1970,1970,1,15,0.31,,
210,1970,1970,1,16,0.87,,
210,1970,1970,1,19,0.07,,
210,1970,1970,1,23,0.05,,
210,1970,1970,2,9,0.84,,
210,1970,1970,2,10,0.61,,
210,1970,1970,2,13,0.04,,
210,1970,1970,2,27,0.13,,
210,1970,1970,2,28,2.36,,
210,1970,1970,3,1,1.08,,
210,1970,1970,3,2,0.06,,
210,1970,1970,3,4,1.61,,
210,1971,1970,11,4,0.07, ,
210,1971,1970,11,5,0.57, ,
210,1971,1970,11,6,0.17,,
210,1971,1970,11,25,0.11, ,
210,1971,1970,11,26,0.59, ,
210,1971,1970,11,28,0.93,,
210,1971,1970,11,29,2.31,,
210,1971,1970,11,30,0.11,,
210,1971,1970,12,2,0.54,,
210,1971,1970,12,8,0.06,,
210,1971,1970,12,16,0.29,,
210,1971,1970,12,18,2.12,,
210,1971,1970,12,19,0.09,,
210,1971,1970,12,20,0.57,,
210,1971,1970,12,21,1.22,,
210,1971,1970,12,26,0.14,,
210,1971,1970,12,27,0.07,,
210,1971,1971,1,2,0.08,,
210,1971,1971,1,12,0.51,,
210,1971,1971,1,13,0.80,,
210,1971,1971,2,16,0.62,,
210,1971,1971,2,17,0.20,,
210,1971,1971,3,12,0.78,,
210,1971,1971,3,13,0.03,,
210,1971,1971,4,14,0.70,,
210,1971,1971,5,6,0.34, ,
210,1971,1971,5,7,0.58, ,
210,1971,1971,5,8,0.68,,
210,1972,1971,11,11,0.66,,
210,1972,1971,11,12,0.14,,
210,1972,1971,12,12,0.16,,
210,1972,1971,12,21,0.13,,
210,1972,1971,12,22,2.97,,
210,1972,1971,12,23,0.10,,
210,1972,1971,12,24,1.35,,
210,1972,1971,12,25,1.59,,
210,1972,1971,12,26,0.24,,
210,1972,1971,12,27,2.29,,
210,1972,1971,12,28,0.37,,
210,1972,1972,1,27,0.23, ,
210,1972,1972,2,5,0.54,,
210,1972,1972,4,11,0.21,,
210,1972,1972,5,18,0.06,,
210,1973,1972,10,15,0.08,,
210,1973,1972,11,4,0.19,,
210,1973,1972,11,10,0.30,,
210,1973,1972,11,11,1.32,,
210,1973,1972,11,13,0.01,,
210,1973,1972,11,14,3.21,,
210,1973,1972,11,15,1.55,,
210,1973,1972,11,16,3.38,,
210,1973,1972,11,17,0.32,,
210,1973,1972,11,18,3.89,,
210,1973,1972,11,19,0.04,,
210,1973,1972,12,4,0.62,,
210,1973,1972,12,6,0.34,,
210,1973,1973,1,8,0.40,,
210,1973,1973,1,9,0.49,,
210,1973,1973,1,10,0.01,,
210,1973,1973,2,3,0.55,,
210,1973,1973,2,4,0.34,,
210,1973,1973,2,5,0.25,,
210,1973,1973,2,6,1.12,,
210,1973,1973,2,7,0.18,,
210,1973,1973,2,9,0.11,,
210,1973,1973,2,10,2.63,,
210,1973,1973,2,11,1.36,,
210,1973,1973,2,12,0.54,,
210,1973,1973,2,13,0.02,,
210,1973,1973,2,14,0.07,,
210,1973,1973,2,24,0.76,,
210,1973,1973,2,27,2.49,,
210,1973,1973,2,28,0.27,,
210,1973,1973,3,6,0.41,,
210,1973,1973,3,8,0.73,,
210,1973,1973,3,9,0.03,,
210,1973,1973,3,11,0.53,,
210,1973,1973,3,19,0.84,,
210,1973,1973,3,20,0.78,,
210,1973,1973,3,21,0.42,,
210,1974,1973,10,9,0.11,,
210,1974,1973,11,12,0.12,,
210,1974,1973,11,16,0.24,,
210,1974,1973,11,17,1.84,,
210,1974,1973,11,18,0.05,,
210,1974,1973,11,22,0.59,,
210,1974,1973,12,1,1.78,,
210,1974,1973,12,21,0.15,,
210,1974,1973,12,27,0.16,,
210,1974,1973,12,31,0.10,,
210,1974,1974,1,3,0.05,,
210,1974,1974,1,4,2.08,,
210,1974,1974,1,5,0.64,,
210,1974,1974,1,6,1.28,,
210,1974,1974,1,7,3.03,,
210,1974,1974,1,12,0.13,,
210,1974,1974,1,13,0.13,,
210,1974,1974,1,16,0.35,,
210,1974,1974,1,17,0.52,,
210,1974,1974,1,19,0.12,,
210,1974,1974,2,28,0.17,,
210,1974,1974,3,1,1.50,,
210,1974,1974,3,2,0.97,,
210,1974,1974,3,3,0.27,,
210,1974,1974,3,7,1.00,,
210,1974,1974,3,8,0.08,,
210,1974,1974,3,26,0.82,,
210,1974,1974,3,27,0.23,,
210,1974,1974,3,28,0.06,,
210,1974,1974,3,30,0.26,,
210,1974,1974,4,1,0.24,,
210,1974,1974,4,25,0.22,,
210,1975,1974,10,28,0.78,,
210,1975,1974,10,29,0.03,,
210,1975,1974,11,21,0.12, ,
210,1975,1974,12,3,4.53,,
210,1975,1974,12,4,1.42,,
210,1975,1974,12,25,0.89,,
210,1975,1974,12,26,1.36,,
210,1975,1975,1,31,0.04,,
210,1975,1975,2,1,0.35,,
210,1975,1975,2,2,3.14,,
210,1975,1975,2,3,0.35,,
210,1975,1975,2,4,0.26,,
210,1975,1975,2,8,0.84,,
210,1975,1975,2,9,1.65,,
210,1975,1975,2,10,0.49,,
210,1975,1975,3,5,1.38,,
210,1975,1975,3,6,0.85,,
210,1975,1975,3,7,1.29,,
210,1975,1975,3,8,0.57,,
210,1975,1975,3,11,0.34,,
210,1975,1975,3,13,0.48,,
210,1975,1975,3,16,0.09,,
210,1975,1975,3,21,0.04,,
210,1975,1975,3,22,0.24,,
210,1975,1975,4,5,0.69,,
210,1975,1975,4,6,0.47,,
210,1976,1975,10,11,0.14, ,
210,1976,1975,10,13,0.13,,
210,1976,1975,11,17,0.10,,
210,1976,1975,12,12,0.18,,
210,1976,1976,2,4,0.25,,
210,1976,1976,2,5,0.65,,
210,1976,1976,2,6,0.40,,
210,1976,1976,2,7,1.39,,
210,1976,1976,2,8,0.57,,
210,1976,1976,2,9,3.78,,
210,1976,1976,2,10,0.17,,
210,1976,1976,2,29,0.26,,
210,1976,1976,3,1,1.76,,
210,1976,1976,3,2,0.62,,
210,1976,1976,4,3,0.07,,
210,1976,1976,4,8,0.20,,
210,1976,1976,4,12,0.48,,
210,1977,1976,9,9,0.41, ,
210,1977,1976,9,10,2.36, ,
210,1977,1976,9,28,1.64,,
210,1977,1976,9,29,0.82,,
210,1977,1976,11,11,1.43,,
210,1977,1976,12,30,0.26,,
210,1977,1976,12,31,0.36,,
210,1977,1977,1,3,3.04,,
210,1977,1977,1,5,0.30,,
210,1977,1977,1,6,0.54,,
210,1977,1977,1,7,0.09,,
210,1977,1977,2,22,0.27,,
210,1977,1977,3,16,1.22,,
210,1977,1977,3,24,0.32,,
210,1977,1977,3,25,0.32,,
210,1977,1977,5,7,0.58,,
210,1977,1977,5,8,1.79,,
210,1977,1977,5,9,1.57,,
210,1977,1977,8,17,0.59, ,
210,1978,1977,11,4,0.19,,
210,1978,1977,12,18,1.30,,
210,1978,1977,12,25,0.23,,
210,1978,1977,12,26,0.45,,
210,1978,1977,12,27,3.47,,
210,1978,1977,12,28,3.02,,
210,1978,1977,12,31,0.25,,
210,1978,1978,1,1,0.67,,
210,1978,1978,1,2,0.14,,
210,1978,1978,1,3,0.66,,
210,1978,1978,1,8,1.00,,
210,1978,1978,1,9,1.07,,
210,1978,1978,1,13,2.63,,
210,1978,1978,1,14,0.22,,
210,1978,1978,1,16,3.46,,
210,1978,1978,1,17,0.04,,
210,1978,1978,2,5,0.73, , 
210,1978,1978,2,6,0.19,,
210,1978,1978,2,8,3.48, ,
210,1978,1978,2,9,3.68,,
210,1978,1978,2,10,0.68,,
210,1978,1978,2,12,1.30, ,
210,1978,1978,2,28,1.60,,
210,1978,1978,3,1,0.95,,
210,1978,1978,3,2,0.72,,
210,1978,1978,3,3,1.13,,
210,1978,1978,3,4,4.53,,
210,1978,1978,3,5,0.91,,
210,1978,1978,3,9,0.26,,
210,1978,1978,3,21,0.62,,
210,1978,1978,3,22,0.99,,
210,1978,1978,3,29,0.31,,
210,1978,1978,3,30,1.24,,
210,1978,1978,3,31,0.48,,
210,1978,1978,4,4,0.36,,
210,1978,1978,4,6,0.31,,
210,1978,1978,4,15,1.50,,
210,1978,1978,4,23,0.09,,
210,1979,1978,9,4,0.59, ,
210,1979,1978,9,5,0.71, ,
210,1979,1978,11,10,1.05, ,
210,1979,1978,11,21,0.51,,
210,1979,1978,11,22,0.96,,
210,1979,1978,11,23,0.39,,
210,1979,1978,12,17,0.78,,
210,1979,1978,12,18,1.45,,
210,1979,1978,12,19,0.26,,
210,1979,1979,1,5,1.75,,
210,1979,1979,1,6,0.24,,
210,1979,1979,1,8,0.16,,
210,1979,1979,1,14,0.22,,
210,1979,1979,1,15,1.28,,
210,1979,1979,1,16,0.16,,
210,1979,1979,1,18,0.13,,
210,1979,1979,1,30,0.34,,
210,1979,1979,1,31,0.92,,
210,1979,1979,2,1,0.20,,
210,1979,1979,2,2,0.25,,
210,1979,1979,2,13,1.35,,
210,1979,1979,2,14,0.08,,
210,1979,1979,2,15,0.11,,
210,1979,1979,2,20,1.58,,
210,1979,1979,2,21,0.21,,
210,1979,1979,2,22,0.67,,
210,1979,1979,3,1,0.50,,
210,1979,1979,3,20,0.86,,
210,1979,1979,3,21,2.20,,
210,1979,1979,3,27,0.55,,
210,1979,1979,3,28,1.10,,
210,1979,1979,3,29,0.30,,
210,1980,1979,9,29,0.88, ,
210,1980,1979,10,14,0.06, ,
210,1980,1979,10,20,0.46, ,
210,1980,1979,11,3,0.08,,
210,1980,1979,11,7,0.53,,
210,1980,1979,12,24,1.53,,
210,1980,1980,1,8,0.11,,
210,1980,1980,1,9,2.73,,
210,1980,1980,1,10,0.46,,
210,1980,1980,1,11,1.32,,
210,1980,1980,1,12,0.51, ,
210,1980,1980,1,13,0.07, ,
210,1980,1980,1,14,0.86, ,
210,1980,1980,1,16,0.14,,
210,1980,1980,1,29,0.96,,
210,1980,1980,2,13,0.44,,
210,1980,1980,2,14,0.70,,
210,1980,1980,2,15,0.68,,
210,1980,1980,2,16,5.33,,
210,1980,1980,2,17,2.27,,
210,1980,1980,2,18,0.77,,
210,1980,1980,2,19,1.09,,
210,1980,1980,2,20,1.10,,
210,1980,1980,2,22,0.07,,
210,1980,1980,3,3,0.77,,
210,1980,1980,3,4,0.60,,
210,1980,1980,3,5,0.66,,
210,1980,1980,3,6,1.58,,
210,1980,1980,3,10,0.36,,
210,1980,1980,3,26,0.08,,
210,1980,1980,4,21,0.17,,
210,1980,1980,4,29,0.24, ,
210,1980,1980,5,9,0.11, ,
210,1980,1980,5,21,0.10, ,
210,1980,1980,7,2,0.51, ,
210,1980,1980,7,3,0.06, ,
210,1995,1994,10,4,0.55,,
210,1995,1994,10,5,0.55,,
210,1995,1994,10,6,1.19,,
210,1995,1994,11,7,0.29,,
210,1995,1994,11,8,0.23,,
210,1995,1994,11,10,1.10,,
210,1995,1994,11,25,0.03,,
210,1995,1994,11,26,0.07,,
210,1995,1994,12,12,0.15,,
210,1995,1994,12,24,1.05,,
210,1995,1995,1,3,1.28,,
210,1995,1995,1,4,3.10,,
210,1995,1995,1,7,0.87,,
210,1995,1995,1,8,2.45,,
210,1995,1995,1,9,1.97,,
210,1995,1995,1,10,9.89,E,
210,1995,1995,1,11,0.93,,
210,1995,1995,1,12,0.47,,
210,1995,1995,1,14,0.75,,
210,1995,1995,1,20,0.61,,
210,1995,1995,1,21,0.06,,
210,1995,1995,1,22,0.18,,
210,1995,1995,1,23,1.69,,
210,1995,1995,1,24,3.50,,
210,1995,1995,1,25,0.70,,
210,1995,1995,2,8,0.77,,
210,1995,1995,2,9,0.17,,
210,1995,1995,2,13,0.59,,
210,1995,1995,2,14,1.01,,
210,1995,1995,3,2,1.02,,
210,1995,1995,3,3,0.08,,
210,1995,1995,3,4,0.62,,
210,1995,1995,3,5,2.00,,
210,1995,1995,3,9,0.15,,
210,1995,1995,3,10,4.96,,
210,1995,1995,3,11,1.17,,
210,1995,1995,3,20,0.33,,
210,1995,1995,3,21,0.48,,
210,1995,1995,3,22,0.81,,
210,1995,1995,3,23,1.28,,
210,1995,1995,4,15,0.02,,
210,1995,1995,4,16,0.19,,
210,1995,1995,5,14,0.02,,
210,1995,1995,5,15,1.28,,
210,1995,1995,6,16,0.35,,
210,1996,1995,11,1,0.13,,
210,1996,1995,12,13,1.78,,
210,1996,1995,12,14,1.26,,
210,1996,1995,12,22,0.27,,
210,1996,1995,12,23,0.36,,
210,1996,1996,1,16,0.69,,
210,1996,1996,1,18,0.18,,
210,1996,1996,1,19,0.14,,
210,1996,1996,1,25,0.19,,
210,1996,1996,1,27,0.25,,
210,1996,1996,1,30,0.10,,
210,1996,1996,1,31,2.70,,
210,1996,1996,2,3,1.11,,
210,1996,1996,2,19,4.11,,
210,1996,1996,3,4,0.42,,
210,1996,1996,3,12,1.38,,
210,1996,1996,3,13,1.49,,
210,1996,1996,4,1,0.47,,
210,1996,1996,4,16,0.20,,
210,1996,1996,4,17,0.40,,
210,1996,1996,4,20,2.50,,
210,1996,1996,4,21,0.50,,
210,1996,1996,4,24,0.03,,
210,1996,1996,4,25,0.15,,
210,1996,1996,4,27,0.47,,
210,1996,1996,5,16,0.82,,
210,1997,1996,10,29,2.01,,
210,1997,1996,10,30,1.42,,
210,1997,1996,11,20,0.12,,
210,1997,1996,11,21,2.99,,
210,1997,1996,11,22,0.28,,
210,1997,1996,12,9,2.34,,
210,1997,1996,12,10,2.84,,
210,1997,1996,12,11,0.66,,
210,1997,1996,12,21,0.07,,
210,1997,1996,12,22,0.94,,
210,1997,1996,12,26,0.07,,
210,1997,1996,12,27,0.80,,
210,1997,1996,12,30,0.07,,
210,1997,1996,12,31,0.06,,
210,1997,1997,1,1,0.58,,
210,1997,1997,1,2,0.83,,
210,1997,1997,1,12,0.38,,
210,1997,1997,1,14,0.13,,
210,1997,1997,1,15,0.42,,
210,1997,1997,1,20,0.33,,
210,1997,1997,1,21,0.29,,
210,1997,1997,1,22,1.33,,
210,1997,1997,1,23,0.43,,
210,1997,1997,1,25,1.48,,
210,1997,1997,1,26,0.64,,
210,1998,1997,10,6,0.20,,
210,1998,1997,11,11,0.89,,
210,1998,1997,11,12,0.06,,
210,1998,1997,11,13,0.25,,
210,1998,1997,11,14,0.15,,
210,1998,1997,11,16,0.60,,
210,1998,1997,11,20,0.05,,
210,1998,1997,11,26,1.60, ,
210,1998,1997,11,27,0.40, ,
210,1998,1997,11,30,0.80, ,
210,1998,1997,12,1,0.40, ,
210,1998,1997,12,5,0.60, ,
210,1998,1997,12,6,4.75, ,
210,1998,1997,12,7,0.80, ,
210,1998,1997,12,8,0.25, ,
210,1998,1997,12,18,0.17,,
210,1998,1997,12,19,0.62,,
210,1998,1998,1,3,0.20,,
210,1998,1998,1,4,0.05,,
210,1998,1998,1,5,0.65,,
210,1998,1998,1,9,0.14, ,
210,1998,1998,1,10,2.10, ,
210,1998,1998,1,13,0.20,,
210,1998,1998,1,15,0.05,,
210,1998,1998,1,16,0.10,,
210,1998,1998,1,19,0.72,,
210,1998,1998,1,29,0.94, ,
210,1998,1998,1,31,0.07, ,
210,1998,1998,2,1,0.19, ,
210,1998,1998,2,2,3.70, ,
210,1998,1998,2,3,2.75, ,
210,1998,1998,2,4,1.40, ,
210,1998,1998,2,6,0.85, ,
210,1998,1998,2,7,1.41, ,
210,1998,1998,2,8,3.29, ,
210,1998,1998,2,9,0.60, ,
210,1998,1998,2,14,0.64, ,
210,1998,1998,2,15,1.30, ,
210,1998,1998,2,16,0.05, ,
210,1998,1998,2,17,1.15, ,
210,1998,1998,2,20,0.86, ,
210,1998,1998,2,22,2.31, ,
210,1998,1998,2,23,1.98, ,
210,1998,1998,2,24,3.20, ,
210,1998,1998,3,6,0.40, ,
210,1998,1998,3,14,0.07, ,
210,1998,1998,3,25,2.81, ,
210,1998,1998,3,26,0.25, ,
210,1998,1998,3,28,0.25,,
210,1998,1998,4,1,1.48,,
210,1998,1998,4,2,0.07,,
210,1998,1998,4,4,0.22,,
210,1998,1998,4,6,0.05,,
210,1998,1998,4,11,0.08,E,
210,1998,1998,4,12,1.39,E,
210,1998,1998,4,14,0.04,E,
210,1998,1998,5,2,0.66,,
210,1998,1998,5,3,0.91,,
210,1998,1998,5,4,0.05,,
210,1998,1998,5,5,0.50,,
210,1998,1998,5,6,0.40,,
210,1998,1998,5,12,0.10,,
210,1998,1998,5,13,1.15,,
210,1998,1998,5,14,0.00,,
210,1998,1998,5,29,0.04,E325,
210,1998,1998,6,7,0.07,E325,
210,1999,1998,9,3,0.02,E325,
210,1999,1998,9,4,0.02,E325,
210,1999,1998,9,8,0.08,E325,
210,1999,1998,9,9,0.04,E325,
210,1999,1998,11,8,0.31,E325,
210,1999,1998,11,11,0.04,E325,
210,1999,1998,11,28,0.35,,
210,1999,1998,11,29,0.23,,
210,1999,1998,12,1,0.45,,
210,1999,1998,12,2,0.15,,
210,1999,1998,12,5,0.04,,
210,1999,1998,12,6,0.22,,
210,1999,1999,1,20,0.26,,
210,1999,1999,1,21,0.09,,
210,1999,1999,1,24,0.12,,
210,1999,1999,1,25,0.38,,
210,1999,1999,1,26,0.22,,
210,1999,1999,1,27,0.37,,
210,1999,1999,1,31,0.98,,
210,1999,1999,2,1,0.16,,
210,1999,1999,2,8,0.17,E325,
210,1999,1999,2,9,0.64,,
210,1999,1999,2,10,0.73,,
210,1999,1999,3,9,0.35,,
210,1999,1999,3,11,0.19,,
210,1999,1999,3,15,0.64,,
210,1999,1999,3,16,0.56,,
210,1999,1999,3,20,0.83,,
210,1999,1999,3,21,0.05,E325,
210,1999,1999,3,23,0.04,E325,
210,1999,1999,3,24,0.08,E325,
210,1999,1999,3,25,0.30,,
210,1999,1999,3,26,1.17,,
210,1999,1999,4,6,0.55,,
210,1999,1999,4,7,0.25,,
210,1999,1999,4,9,0.15,,
210,1999,1999,4,11,0.11,,
210,1999,1999,4,12,1.26,,
210,2000,1999,11,8,1.30,,
210,2000,1999,11,20,0.12,E553,
210,2000,2000,1,18,0.35,,
210,2000,2000,1,24,0.06,,
210,2000,2000,1,25,1.23,,
210,2000,2000,1,26,0.36,,
210,2000,2000,1,30,0.05,,
210,2000,2000,1,31,0.50,,
210,2000,2000,2,4,0.22,,
210,2000,2000,2,10,1.17,,
210,2000,2000,2,11,0.61,,
210,2000,2000,2,12,1.56,,
210,2000,2000,2,13,0.58,,
210,2000,2000,2,14,1.11,,
210,2000,2000,2,15,0.35,,
210,2000,2000,2,16,0.20,,
210,2000,2000,2,17,0.35,,
210,2000,2000,2,20,0.84,,
210,2000,2000,2,21,1.30,,
210,2000,2000,2,22,0.60,,
210,2000,2000,2,23,1.08,E549,
210,2000,2000,2,24,1.37,E549,
210,2000,2000,2,27,0.55,,
210,2000,2000,2,28,0.40,,
210,2000,2000,3,4,0.64,,
210,2000,2000,3,5,0.78,,
210,2000,2000,3,6,1.23,,
210,2000,2000,3,7,0.05,,
210,2000,2000,3,8,0.97,E228,
210,2000,2000,3,9,0.08,E228,
210,2000,2000,4,15,0.05,E228,
210,2000,2000,4,17,1.62,E228,
210,2000,2000,4,18,2.92,E228,
210,2000,2000,5,23,0.01,,
210,2000,2000,5,25,0.03,,
210,2000,2000,6,9,0.05,,
210,2000,2000,6,17,0.07,,
210,2000,2000,6,24,0.01,,
210,2000,2000,6,25,0.01,,
210,2000,2000,8,30,0.01,,
210,2001,2000,9,21,0.04,E228,
210,2001,2000,9,22,0.08,E228,
210,2001,2000,9,23,0.30,E228,
210,2001,2000,10,7,0.05,E228,
210,2001,2000,10,11,0.77,E228,
210,2001,2000,10,12,0.20,E228,
210,2001,2000,10,26,0.01,E228,
210,2001,2000,10,27,1.21,E228,
210,2001,2000,10,28,0.10,E228,
210,2001,2000,10,29,0.24,E228,
210,2001,2000,10,30,1.24,E228,
210,2001,2000,12,7,0.11,E228,
210,2001,2001,1,8,0.39,E228,
210,2001,2001,1,9,0.01,E228,
210,2001,2001,1,11,4.69,E228,
210,2001,2001,1,12,1.15,E228,
210,2001,2001,1,13,0.05,E228,
210,2001,2001,1,24,1.14,E228,
210,2001,2001,1,25,0.04,E228,
210,2001,2001,1,26,0.60,E228,
210,2001,2001,1,27,0.07,E228,
210,2001,2001,2,1,0.01,,
210,2001,2001,2,10,0.85,,
210,2001,2001,2,11,0.31,,
210,2001,2001,2,12,1.31,,
210,2001,2001,2,13,1.45,,
210,2001,2001,2,14,0.36,,
210,2001,2001,2,18,0.06,,
210,2001,2001,2,19,0.11,,
210,2001,2001,2,20,0.69,,
210,2001,2001,2,21,0.05,,
210,2001,2001,2,23,0.10,,
210,2001,2001,2,24,0.05,,
210,2001,2001,2,25,0.97,,
210,2001,2001,2,26,1.09,,
210,2001,2001,2,28,0.08,,
210,2001,2001,3,4,0.04,,
210,2001,2001,3,5,4.20,,
210,2001,2001,3,6,3.19,,
210,2001,2001,3,7,0.05,,
210,2001,2001,4,1,0.01,,
210,2001,2001,4,2,0.02,,
210,2001,2001,4,5,0.14,,
210,2001,2001,4,7,1.88,,
210,2001,2001,4,8,0.03,,
210,2001,2001,4,10,0.04,,
210,2001,2001,4,21,0.68,,
210,2001,2001,4,26,0.01,,
210,2001,2001,5,13,0.01,,
210,2001,2001,5,14,0.01,,
210,2001,2001,5,21,0.01,,
210,2001,2001,5,25,0.02,,
210,2001,2001,5,26,0.02,,
210,2001,2001,5,27,0.07,,
210,2001,2001,5,28,0.03,,
210,2001,2001,6,1,0.01,,
210,2001,2001,6,2,0.01,,
210,2002,2001,10,5,0.01,,
210,2002,2001,10,30,0.03,,
210,2002,2001,10,31,0.65,,
210,2002,2001,11,11,0.88,,
210,2002,2001,11,12,0.31,,
210,2002,2001,11,13,1.83,,
210,2002,2001,11,24,0.01,,
210,2002,2001,11,25,1.65,,
210,2002,2001,11,29,0.18,,
210,2002,2001,11,30,0.27,,
210,2002,2001,12,3,0.69,E228,
210,2002,2001,12,14,0.03,E228,
210,2002,2001,12,15,0.13,E228,
210,2002,2001,12,20,0.01,E228,
210,2002,2001,12,21,0.73,E228,
210,2002,2001,12,22,0.01,E228,
210,2002,2001,12,29,0.24,E228,
210,2002,2001,12,30,0.51,E228,
210,2002,2001,12,31,0.25,E228,
210,2002,2002,1,3,0.08,E228,
210,2002,2002,1,16,0.10,E228,
210,2002,2002,1,28,0.99,E228,
210,2002,2002,2,17,0.31,E228,
210,2002,2002,2,18,0.07,E228,
210,2002,2002,3,7,0.21,E228,
210,2002,2002,3,8,0.02,E228,
210,2002,2002,3,18,0.20,E228,
210,2002,2002,3,23,0.02,E228,
210,2002,2002,3,24,0.10,E228,
210,2002,2002,3,31,0.04,E228,
210,2002,2002,4,1,0.01,E228,
210,2002,2002,4,2,0.01,E228,
210,2002,2002,4,15,0.03,E228,
210,2002,2002,4,26,0.02,E228,
210,2002,2002,4,27,0.02,E228,
210,2002,2002,5,20,0.04,E228,
210,2002,2002,6,8,0.01,E228,
210,2002,2002,6,9,0.02,E228,
210,2002,2002,7,21,0.02,E228,
210,2002,2002,8,18,0.01,E228,
210,2002,2002,8,19,0.02,E228,
210,2003,2002,9,5,0.03,,
210,2003,2002,9,6,0.03,,
210,2003,2002,9,29,0.21,,
210,2003,2002,11,8,4.60,,
210,2003,2002,11,9,2.93,,
210,2003,2002,11,10,0.28,,
210,2003,2002,11,20,0.01,,
210,2003,2002,11,30,0.09,,
210,2003,2002,12,15,0.32,,
210,2003,2002,12,17,3.03,,
210,2003,2002,12,18,0.09,,
210,2003,2002,12,20,2.38,,
210,2003,2002,12,22,0.88,,
210,2003,2002,12,29,0.51,,
210,2003,2003,1,1,0.12,,
210,2003,2003,2,5,0.01,,
210,2003,2003,2,11,0.37,E228,
210,2003,2003,2,12,0.69,E228,
210,2003,2003,2,13,1.85,E228,
210,2003,2003,2,14,0.19,E228,
210,2003,2003,2,17,0.01,E228,
210,2003,2003,2,25,0.34,E228,
210,2003,2003,2,27,0.09,E228,
210,2003,2003,3,5,0.06,,
210,2003,2003,3,15,4.24,,
210,2003,2003,3,16,1.84,,
210,2003,2003,4,5,0.10,,
210,2003,2003,4,13,0.32,,
210,2003,2003,4,14,2.04,,
210,2003,2003,4,15,0.05,,
210,2003,2003,4,18,0.04,,
210,2003,2003,4,28,0.04,,
210,2003,2003,4,29,0.08,,
210,2003,2003,5,3,2.36,,
210,2003,2003,5,4,0.33,,
210,2003,2003,5,7,0.01,,
210,2003,2003,5,23,0.01,,
210,2003,2003,5,24,0.01,,
210,2003,2003,6,3,0.02,,
210,2003,2003,6,4,0.06,,
210,2003,2003,6,5,0.01,,
210,2003,2003,6,6,0.04,,
210,2003,2003,6,9,0.01,,
210,2003,2003,6,10,0.16,,
210,2003,2003,6,11,0.15,,
210,2003,2003,6,18,0.01,,
210,2003,2003,6,19,0.01,,
210,2004,2003,9,10,0.01,,
210,2004,2003,10,31,0.02,,
210,2004,2003,11,1,1.26,,
210,2004,2003,11,3,0.06,,
210,2004,2003,11,4,0.06,,
210,2004,2003,11,9,0.96,,
210,2004,2003,11,12,0.05,,
210,2004,2003,11,13,0.10,,
210,2004,2003,11,16,0.01,,
210,2004,2003,12,15,0.19,,
210,2004,2003,12,23,0.02,,
210,2004,2003,12,24,0.52,,
210,2004,2003,12,25,0.64,,
210,2004,2003,12,26,1.54,,
210,2004,2004,1,2,0.69,,
210,2004,2004,1,3,0.22,,
210,2004,2004,2,3,1.35,,
210,2004,2004,2,18,0.24,,
210,2004,2004,2,19,0.85,,
210,2004,2004,2,21,0.06,,
210,2004,2004,2,22,0.24,,
210,2004,2004,2,23,0.34,,
210,2004,2004,2,25,0.05,,
210,2004,2004,2,26,5.28,,
210,2004,2004,2,27,0.01,,
210,2004,2004,3,2,0.57,,
210,2004,2004,6,17,0.02,,
210,2004,2004,7,8,0.01,,
210,2005,2004,9,1,0.01,,
210,2005,2004,10,17,1.01,,
210,2005,2004,10,18,0.54,,
210,2005,2004,10,19,0.35,,
210,2005,2004,10,20,3.86,,
210,2005,2004,10,21,0.01,,
210,2005,2004,10,27,1.49,,
210,2005,2004,11,5,0.05,,
210,2005,2004,11,28,0.17,,
210,2005,2004,12,5,0.04,,
210,2005,2004,12,6,0.15,,
210,2005,2004,12,8,0.29,,
210,2005,2004,12,11,0.36,E228,
210,2005,2004,12,27,0.09,E228,
210,2005,2004,12,28,4.50,E228,
210,2005,2004,12,29,1.68,E228,
210,2005,2004,12,30,0.43,E228,
210,2005,2004,12,31,2.70,E228,
210,2005,2005,1,2,0.08,E228,
210,2005,2005,1,3,2.22,E228,
210,2005,2005,1,4,0.35,E228,
210,2005,2005,1,5,0.01,E228,
210,2005,2005,1,7,0.65,E228,
210,2005,2005,1,8,1.28,E228,
210,2005,2005,1,9,4.14,E228,
210,2005,2005,1,10,5.75,E228,
210,2005,2005,1,11,0.73,E228,
210,2005,2005,1,27,0.05,,
210,2005,2005,1,28,0.23,,
210,2005,2005,1,29,0.24,,
210,2005,2005,2,11,0.55,,
210,2005,2005,2,12,0.01,,
210,2005,2005,2,13,0.12,,
210,2005,2005,2,14,0.03,,
210,2005,2005,2,16,0.34,,
210,2005,2005,2,17,0.10,,
210,2005,2005,2,18,1.32,,
210,2005,2005,2,19,1.73,,
210,2005,2005,2,20,0.56,,
210,2005,2005,2,21,3.08,,
210,2005,2005,2,22,0.98,,
210,2005,2005,2,23,0.94,,
210,2005,2005,2,28,0.02,,
210,2005,2005,3,1,0.05,,
210,2005,2005,3,3,0.13,,
210,2005,2005,3,4,0.59,,
210,2005,2005,3,5,0.16,,
210,2005,2005,3,19,0.41,,
210,2005,2005,3,20,0.15,,
210,2005,2005,3,22,0.01,,
210,2005,2005,3,23,3.51,,
210,2005,2005,3,28,0.09,,
210,2005,2005,4,9,0.01,,
210,2005,2005,4,28,0.95,,
210,2005,2005,5,5,0.24,,
210,2005,2005,5,6,0.59,,
210,2005,2005,5,9,0.27,,
210,2005,2005,5,10,0.06,,
210,2005,2005,6,2,0.01,,
210,2005,2005,6,16,0.01,,
210,2005,2005,6,17,0.01,,
210,2006,2005,9,4,0.01,E228,
210,2006,2005,9,26,0.01,E228,
210,2006,2005,9,27,0.08,E228,
210,2006,2005,10,17,0.08,E228,
210,2006,2005,10,18,0.74,E228,
210,2006,2005,10,21,0.01,E228,
210,2006,2005,10,22,0.03,E228,
210,2006,2005,10,23,0.05,E228,
210,2006,2005,10,24,0.02,E228,
210,2006,2005,10,25,0.23,E228,
210,2006,2005,10,28,0.01,E228,
210,2006,2005,10,30,0.02,E228,
210,2006,2005,11,9,1.07,E228,
210,2006,2005,11,10,1.04,E228,
210,2006,2005,12,2,0.21,E228,
210,2006,2005,12,3,0.24,E228,
210,2006,2005,12,19,0.03,E228,
210,2006,2005,12,26,0.15,E228,
210,2006,2005,12,27,0.01,E228,
210,2006,2005,12,29,0.01,E228,
210,2006,2005,12,31,0.05,E228,
210,2006,2006,1,1,1.67,E228,
210,2006,2006,1,2,2.36,E228,
210,2006,2006,1,3,0.30,E228,
210,2006,2006,1,7,0.01,E228,
210,2006,2006,1,10,0.01,,
210,2006,2006,1,14,0.21,,
210,2006,2006,1,15,0.09,,
210,2006,2006,1,18,0.01,,
210,2006,2006,2,18,0.36,,
210,2006,2006,2,19,0.32,,
210,2006,2006,2,27,0.04,,
210,2006,2006,2,28,3.67,,
210,2006,2006,3,3,0.38,,
210,2006,2006,3,4,0.01,,
210,2006,2006,3,6,0.06,,
210,2006,2006,3,7,0.70,,
210,2006,2006,3,10,0.03,,
210,2006,2006,3,11,0.17,,
210,2006,2006,3,12,0.27,,
210,2006,2006,3,13,0.14,,
210,2006,2006,3,15,0.01,,
210,2006,2006,3,18,0.38,,
210,2006,2006,3,21,0.31,,
210,2006,2006,3,26,0.05,,
210,2006,2006,3,28,0.72,,
210,2006,2006,3,29,2.10,,
210,2006,2006,3,30,0.10,,
210,2006,2006,3,31,0.05,,
210,2006,2006,4,1,0.49,,
210,2006,2006,4,3,0.01,,
210,2006,2006,4,4,5.29,,
210,2006,2006,4,5,1.07,,
210,2006,2006,4,6,0.09,,
210,2006,2006,4,8,0.01,,
210,2006,2006,4,11,0.48,,
210,2006,2006,4,14,0.01,,
210,2006,2006,4,15,1.53,,
210,2006,2006,4,23,0.03,,
210,2006,2006,4,26,0.07,,
210,2006,2006,4,27,0.01,,
210,2006,2006,5,1,0.01,,
210,2006,2006,5,3,0.06,,
210,2006,2006,5,9,0.02,,
210,2006,2006,5,16,0.01,,
210,2006,2006,5,17,0.01,,
210,2006,2006,5,20,0.01,,
210,2006,2006,5,21,0.04,,
210,2006,2006,5,22,1.75,,
210,2006,2006,7,31,0.01,,
210,2006,2006,8,4,0.13,,
210,2006,2006,8,5,0.12,,
210,2007,2006,9,27,0.02,,
210,2007,2006,10,2,0.16,,
210,2007,2006,10,5,0.06,,
210,2007,2006,10,14,0.01,,
210,2007,2006,11,27,0.33,,
210,2007,2006,12,9,0.01,,
210,2007,2006,12,10,0.90,,
210,2007,2006,12,11,0.05,,
210,2007,2006,12,22,0.01,,
210,2007,2006,12,27,0.30,,
210,2007,2007,1,18,0.03,,
210,2007,2007,1,27,0.10,,
210,2007,2007,1,28,1.78,,
210,2007,2007,1,29,0.39,,
210,2007,2007,1,31,0.60,,
210,2007,2007,2,1,0.01,,
210,2007,2007,2,11,1.08,,
210,2007,2007,2,19,0.65,,
210,2007,2007,2,23,0.83,,
210,2007,2007,2,27,0.16,,
210,2007,2007,2,28,0.02,,
210,2007,2007,3,21,0.22,,
210,2007,2007,3,22,0.01,,
210,2007,2007,3,27,0.04,,
210,2007,2007,4,20,0.35,,
210,2007,2007,4,21,0.30,,
210,2008,2007,9,19,0.02,,
210,2008,2007,9,22,0.49,,
210,2008,2007,10,13,0.36,,
210,2008,2007,10,30,0.03,,
210,2008,2007,11,12,0.01,,
210,2008,2007,12,7,0.47,,
210,2008,2007,12,18,0.33,,
210,2008,2007,12,19,4.32,,
210,2008,2008,1,5,6.99,,
210,2008,2008,1,6,0.54,,
210,2008,2008,1,7,0.87,,
210,2008,2008,1,22,0.07,,
210,2008,2008,1,23,2.02,,
210,2008,2008,1,24,2.89,,
210,2008,2008,1,25,1.35,,
210,2008,2008,1,26,0.02,,
210,2008,2008,1,27,1.55,,
210,2008,2008,1,28,1.17,,
210,2008,2008,2,3,0.81,,
210,2008,2008,2,4,0.20,,
210,2008,2008,2,20,0.35,,
210,2008,2008,2,22,0.29,,
210,2008,2008,2,23,0.12,,
210,2008,2008,2,24,0.91,,
210,2008,2008,2,25,0.32,,
210,2008,2008,4,3,0.13,,
210,2009,2008,10,5,0.09,,
210,2009,2008,11,1,0.17,,
210,2009,2008,11,2,0.31,,
210,2009,2008,11,4,0.56,,
210,2009,2008,11,26,0.75,,
210,2009,2008,11,27,0.47,,
210,2009,2008,12,15,2.34,,
210,2009,2008,12,16,0.06,,
210,2009,2008,12,17,0.11,,
210,2009,2008,12,22,0.35,,
210,2009,2008,12,25,0.19,,
210,2009,2008,12,26,0.17,,
210,2009,2009,1,22,0.16,,
210,2009,2009,1,23,0.14,,
210,2009,2009,1,24,0.94,,
210,2009,2009,1,25,0.04,,
210,2009,2009,2,6,1.41,,
210,2009,2009,2,7,2.29,,
210,2009,2009,2,8,0.23,,
210,2009,2009,2,9,0.36,,
210,2009,2009,2,10,0.14,,
210,2009,2009,2,12,0.01,,
210,2009,2009,2,14,0.84,,
210,2009,2009,2,16,0.74,,
210,2009,2009,2,17,1.06,,
210,2009,2009,2,18,0.08,,
210,2009,2009,2,22,0.01,,
210,2009,2009,2,23,0.02,,
210,2009,2009,3,4,0.70,,
210,2009,2009,3,5,0.07,,
210,2009,2009,3,12,0.07,,
210,2009,2009,3,21,0.14,,
210,2009,2009,3,22,0.33,,
210,2009,2009,3,23,0.04,,
210,2009,2009,4,8,0.28,,
210,2009,2009,4,11,0.02,,
210,2009,2009,4,24,0.01,,
210,2009,2009,6,5,0.17,,
210,2009,2009,6,6,0.36,,
210,2010,2009,10,13,0.15,,
210,2010,2009,10,14,5.79,,
210,2010,2009,10,15,0.20,,
210,2010,2009,12,7,0.77,,
210,2010,2009,12,8,0.80,,
210,2010,2009,12,11,0.69,,
210,2010,2009,12,12,0.53,,
210,2010,2009,12,13,1.55,,
210,2010,2009,12,14,0.01,,
210,2010,2009,12,30,0.10,,
210,2010,2009,12,31,0.11,,
210,2010,2010,1,13,0.53,,
210,2010,2010,1,14,0.01,,
210,2010,2010,1,18,1.40,,
210,2010,2010,1,19,1.63,,
210,2010,2010,1,20,0.69,,
210,2010,2010,1,21,1.50,,
210,2010,2010,1,22,1.46,,
210,2010,2010,1,23,0.68,,
210,2010,2010,1,27,0.17,,
210,2010,2010,2,5,0.65,,
210,2010,2010,2,6,1.16,,
210,2010,2010,2,7,0.32,,
210,2010,2010,2,10,0.55,,
210,2010,2010,2,20,0.19,,
210,2010,2010,2,22,0.04,,
210,2010,2010,2,23,0.01,,
210,2010,2010,2,25,0.52,,
210,2010,2010,2,26,0.01,,
210,2010,2010,2,27,2.92,,
210,2010,2010,2,28,0.25,,
210,2010,2010,3,3,0.03,,
210,2010,2010,3,4,0.25,,
210,2010,2010,3,7,0.52,,
210,2010,2010,4,5,0.67,,
210,2010,2010,4,11,0.01,,
210,2010,2010,4,12,1.62,,
210,2010,2010,4,13,0.13,,
210,2010,2010,4,21,0.79,,
210,2010,2010,4,28,0.01,,
210,2010,2010,5,18,0.28,,
210,2010,2010,5,19,0.01,,
210,2010,2010,6,29,0.07,,
210,2010,2010,6,30,0.02,,
210,2010,2010,7,6,0.01,,
210,2010,2010,7,7,0.01,,
210,2011,2010,10,4,0.12,,
210,2011,2010,10,5,0.01,,
210,2011,2010,10,6,0.72,,
210,2011,2010,10,7,0.01,,
210,2011,2010,10,15,0.01,,
210,2011,2010,10,16,0.04,,
210,2011,2010,10,17,0.15,,
210,2011,2010,10,18,0.11,,
210,2011,2010,10,19,0.67,,
210,2011,2010,10,20,0.24,,
210,2011,2010,10,21,0.11,,
210,2011,2010,10,22,0.03,,
210,2011,2010,10,23,0.02,,
210,2011,2010,10,30,0.96,,
210,2011,2010,11,8,0.18,,
210,2011,2010,11,20,1.24,,
210,2011,2010,11,21,0.78,,
210,2011,2010,12,6,0.68,,
210,2011,2010,12,16,0.01,,
210,2011,2010,12,17,0.16,,
210,2011,2010,12,18,1.34,,
210,2011,2010,12,19,5.22,,
210,2011,2010,12,20,4.60,,
210,2011,2010,12,21,0.50,,
210,2011,2010,12,22,2.15,,
210,2011,2010,12,23,0.51,,
210,2011,2010,12,26,0.95,,
210,2011,2010,12,29,0.92,,
210,2011,2010,12,30,0.01,,
210,2011,2011,1,2,0.14,,
210,2011,2011,1,3,0.96,,
210,2011,2011,1,31,0.26,,
210,2011,2011,2,15,0.16,,
210,2011,2011,2,16,0.68,,
210,2011,2011,2,17,0.40,,
210,2011,2011,2,18,0.07,,
210,2011,2011,2,19,1.03,,
210,2011,2011,2,20,0.65,,
210,2011,2011,2,25,0.02,,
210,2011,2011,2,26,2.23,,
210,2011,2011,3,2,0.04,,
210,2011,2011,3,3,0.30,,
210,2011,2011,3,19,0.20,,
210,2011,2011,3,20,3.92,,
210,2011,2011,3,21,3.80,,
210,2011,2011,3,22,0.59,,
210,2011,2011,3,24,0.46,,
210,2011,2011,3,25,1.50,,
210,2011,2011,3,26,0.01,,
210,2011,2011,3,27,0.04,,
210,2011,2011,4,3,0.09,,
210,2011,2011,4,8,0.03,,
210,2011,2011,4,23,0.04,,
210,2011,2011,5,15,0.23,,
210,2011,2011,5,17,0.47,,
210,2011,2011,5,18,0.44,,
210,2011,2011,6,5,0.12,,
210,2011,2011,6,6,1.06,,
210,2011,2011,6,16,0.02,,
210,2011,2011,6,17,0.05,,
210,2011,2011,6,20,0.01,,
210,2011,2011,6,23,0.01,,
210,2011,2011,8,10,0.01,,
210,2012,2011,9,25,0.01,,
210,2012,2011,10,4,0.11,,
210,2012,2011,10,5,0.77,,
210,2012,2011,10,6,0.80,,
210,2012,2011,11,6,0.27,,
210,2012,2011,11,12,0.78,,
210,2012,2011,11,13,0.06,,
210,2012,2011,11,20,0.65,,
210,2012,2011,11,21,0.73,,
210,2012,2011,12,12,0.45,,
210,2012,2011,12,13,0.03,,
210,2012,2012,1,21,1.58,,
210,2012,2012,1,23,0.42,,
210,2012,2012,1,24,0.26,,
210,2012,2012,2,7,0.01,,
210,2012,2012,2,8,0.04,,
210,2012,2012,2,16,0.02,,
210,2012,2012,3,17,2.67,,
210,2012,2012,3,18,0.34,,
210,2012,2012,3,25,0.79,,
210,2012,2012,3,26,0.53,,
210,2012,2012,4,1,0.41,,
210,2012,2012,4,11,1.98,,
210,2012,2012,4,12,0.01,,
210,2012,2012,4,13,0.68,,
210,2012,2012,4,14,0.87,,
210,2012,2012,4,23,0.16,,
210,2012,2012,4,24,0.10,,
210,2012,2012,4,25,0.01,,
210,2012,2012,4,26,0.28,,
210,2012,2012,4,27,0.12,,
210,2012,2012,4,30,0.01,,
210,2012,2012,5,1,0.01,,
210,2012,2012,6,14,0.01,,
210,2012,2012,6,15,0.01,,
210,2013,2012,9,6,0.01,,
210,2013,2012,9,7,0.01,,
210,2013,2012,10,12,0.24,,
210,2013,2012,10,20,0.01,,
210,2013,2012,10,21,0.03,,
210,2013,2012,11,16,0.02,,
210,2013,2012,11,17,1.50,,
210,2013,2012,11,18,1.07,,
210,2013,2012,11,29,1.29,,
210,2013,2012,11,30,0.77,,
210,2013,2012,12,1,0.30,,
210,2013,2012,12,2,0.25,,
210,2013,2012,12,3,1.31,,
210,2013,2012,12,4,0.02,,
210,2013,2012,12,13,0.34,,
210,2013,2012,12,15,0.03,,
210,2013,2012,12,16,0.10,,
210,2013,2012,12,17,0.09,,
210,2013,2012,12,18,0.32,,
210,2013,2012,12,23,0.19,,
210,2013,2012,12,24,1.34,,
210,2013,2012,12,26,0.28,,
210,2013,2012,12,29,0.22,,
210,2013,2012,12,30,0.34,,
210,2013,2013,1,6,0.05,,
210,2013,2013,1,7,0.15,,
210,2013,2013,1,24,1.37,,
210,2013,2013,1,25,0.30,,
210,2013,2013,1,26,0.16,,
210,2013,2013,2,20,0.24,,
210,2013,2013,3,7,0.01,,
210,2013,2013,3,8,0.82,,
210,2013,2013,3,31,0.04,,
210,2013,2013,4,1,0.38,,
210,2013,2013,4,14,0.01,,
210,2013,2013,4,16,0.01,,
210,2013,2013,4,25,0.13,,
210,2013,2013,4,30,0.01,,
210,2013,2013,5,1,0.04,,
210,2013,2013,5,3,0.01,,
210,2013,2013,5,5,0.02,,
210,2013,2013,5,6,0.67,,
210,2013,2013,5,7,0.01,,
210,2013,2013,6,3,0.07,,
210,2013,2013,6,9,0.03,,
210,2013,2013,6,10,0.03,,
210,2013,2013,6,15,0.02,,
210,2013,2013,7,22,0.01,,
210,2013,2013,7,24,0.01,,
210,2013,2013,7,29,0.01,,
210,2014,2013,9,18,0.01,,
210,2014,2013,10,29,0.07,,
210,2014,2013,10,30,0.01,,
210,2014,2013,11,21,0.77,,
210,2014,2013,11,23,0.04,,
210,2014,2013,11,29,0.26,,
210,2014,2013,12,7,0.35,,
210,2014,2013,12,8,0.04,,
210,2014,2014,2,3,0.13,,
210,2014,2014,2,6,0.01,,
210,2014,2014,2,7,0.31,,
210,2014,2014,2,27,1.74,,
210,2014,2014,2,28,2.01,,
210,2014,2014,3,1,1.70,,
210,2014,2014,3,2,1.88,,
210,2014,2014,3,3,0.06,,
210,2014,2014,3,27,0.05,,
210,2014,2014,4,1,0.30,,
210,2014,2014,4,2,0.28,,
210,2014,2014,4,3,0.01,,
210,2014,2014,4,26,0.13,,
210,2014,2014,4,27,0.01,,
210,2014,2014,5,23,0.34,,
210,2014,2014,6,11,0.02,,
210,2014,2014,8,1,0.01,,
210,2014,2014,8,3,0.03,,
210,2014,2014,8,4,0.01,,
210,2015,2014,11,1,0.95,,
210,2015,2014,11,2,0.14,,
210,2015,2014,12,1,0.10,,
210,2015,2014,12,2,0.42,,
210,2015,2014,12,3,2.40,,
210,2015,2014,12,4,0.12,,
210,2015,2014,12,5,0.01,,
210,2015,2014,12,12,1.70,,
210,2015,2014,12,13,0.13,,
210,2015,2014,12,16,0.27,,
210,2015,2014,12,17,0.58,,
210,2015,2014,12,18,0.02,,
210,2015,2014,12,31,0.08,,
210,2015,2015,1,11,1.10,,
210,2015,2015,1,12,0.03,,
210,2015,2015,1,27,0.07,,
210,2015,2015,1,28,0.01,,
210,2015,2015,2,7,0.03,,
210,2015,2015,2,8,0.71,,
210,2015,2015,2,9,0.02,,
210,2015,2015,2,10,0.01,,
210,2015,2015,2,23,0.40,,
210,2015,2015,2,24,0.01,,
210,2015,2015,3,1,0.12,,
210,2015,2015,3,2,0.01,,
210,2015,2015,3,3,1.31,,
210,2015,2015,3,13,0.01,,
210,2015,2015,4,8,0.34,,
210,2015,2015,5,8,0.09,,
210,2015,2015,5,15,0.29,,
210,2015,2015,5,16,0.01,,
210,2015,2015,6,9,0.02,,
210,2015,2015,6,10,0.79,,
210,2015,2015,6,11,0.01,,
210,2015,2015,6,13,0.01,,
210,2015,2015,7,6,0.01,,
210,2015,2015,7,19,0.11,,
210,2015,2015,7,20,0.11,,
210,2016,2015,9,15,0.06,,
210,2016,2015,9,16,0.15,,
210,2016,2015,10,4,0.03,,
210,2016,2015,10,5,0.33,,
210,2016,2015,10,6,0.01,,
210,2016,2015,11,3,0.01,,
210,2016,2015,11,16,0.09,,
210,2016,2015,12,14,0.18,,
210,2016,2015,12,20,0.18,,
210,2016,2016,1,5,0.44,,
210,2016,2016,1,6,1.44,,
210,2016,2016,1,7,1.97,,
210,2016,2016,1,11,0.05,,
210,2016,2016,1,19,0.15,,
210,2016,2016,1,20,0.62,,
210,2016,2016,1,31,0.38,,
210,2016,2016,2,1,1.62,,
210,2016,2016,2,18,0.63,,
210,2016,2016,3,6,2.92,,
210,2016,2016,3,7,0.78,,
210,2016,2016,3,8,0.16,,
210,2016,2016,3,12,0.80,,
210,2016,2016,3,14,0.02,,
210,2016,2016,3,15,0.01,,
210,2016,2016,4,8,0.07,,
210,2016,2016,4,9,0.41,,
210,2016,2016,4,10,0.22,,
210,2016,2016,4,12,0.01,,
210,2016,2016,5,5,0.01,,
210,2016,2016,5,7,0.14,,
210,2016,2016,5,29,0.08,,
210,2016,2016,5,30,0.03,,
210,2016,2016,6,12,0.11,,
210,2017,2016,10,17,0.24,,
210,2017,2016,10,22,0.16,,
210,2017,2016,10,28,0.40,,
210,2017,2016,10,29,0.01,,
210,2017,2016,10,30,0.08,,
210,2017,2016,10,31,0.23,,
210,2017,2016,11,19,0.01,,
210,2017,2016,11,21,0.57,,
210,2017,2016,11,27,0.54,,
210,2017,2016,11,28,0.01,,
210,2017,2016,12,9,0.02,,
210,2017,2016,12,15,0.01,,
210,2017,2016,12,16,1.39,,
210,2017,2016,12,22,0.03,,
210,2017,2016,12,23,0.01,,
210,2017,2016,12,24,1.76,,
210,2017,2016,12,30,0.03,,
210,2017,2016,12,31,0.19,,
210,2017,2017,1,1,0.11,,
210,2017,2017,1,4,0.01,,
210,2017,2017,1,5,0.75,,
210,2017,2017,1,7,0.28,,
210,2017,2017,1,8,0.15,,
210,2017,2017,1,9,0.89,,
210,2017,2017,1,11,1.20,,
210,2017,2017,1,12,0.27,,
210,2017,2017,1,13,0.50,,
210,2017,2017,1,19,0.93,,
210,2017,2017,1,20,0.66,,
210,2017,2017,1,21,2.11,,
210,2017,2017,1,22,0.41,,
210,2017,2017,1,23,1.33,,
210,2017,2017,1,24,0.04,,
210,2017,2017,2,3,0.32,,
210,2017,2017,2,4,0.21,,
210,2017,2017,2,6,1.40,,
210,2017,2017,2,7,0.30,,
210,2017,2017,2,8,0.40,,
210,2017,2017,2,9,0.01,,
210,2017,2017,2,10,0.03,,
210,2017,2017,2,11,0.66,,
210,2017,2017,2,12,0.02,,
210,2017,2017,2,17,0.91,,
210,2017,2017,2,18,5.21,,
210,2017,2017,2,19,0.08,,
210,2017,2017,2,20,0.66,,
210,2017,2017,2,21,0.19,,
210,2017,2017,2,22,0.09,,
210,2017,2017,2,23,0.01,,
210,2017,2017,2,26,0.17,,
210,2017,2017,2,28,0.01,,
210,2017,2017,3,6,0.26,,
210,2017,2017,3,21,0.28,,
210,2017,2017,3,22,0.83,,
210,2017,2017,3,25,0.01,,
210,2017,2017,4,8,0.19,,
210,2017,2017,4,19,0.23,,
210,2017,2017,5,6,0.04,,
210,2017,2017,5,7,0.24,,
210,2017,2017,5,8,0.04,,
210,2017,2017,5,25,0.03,,
210,2017,2017,6,8,0.01,,
210,2017,2017,6,23,0.01,,
,,,,,,Data Gap,WY2018
210,2019,2018,10,4,0.29,,
210,2019,2018,10,5,0.03,,
210,2019,2018,10,11,0.01,,
210,2019,2018,10,13,0.01,,
210,2019,2018,11,22,0.61,,
210,2019,2018,11,29,2.45,,
210,2019,2018,11,30,0.28,,
210,2019,2018,12,2,0.01,,
210,2019,2018,12,5,0.04,,
210,2019,2018,12,6,0.23,,
210,2019,2018,12,7,0.02,,
210,2019,2018,12,18,0.07,,
210,2019,2018,12,19,0.01,,
210,2019,2018,12,25,0.06,,
210,2019,2019,1,6,0.66,,
210,2019,2019,1,7,1.93,,
210,2019,2019,1,8,0.07,,
210,2019,2019,1,9,0.01,,
210,2019,2019,1,10,0.06,,
210,2019,2019,1,11,0.01,,
210,2019,2019,1,12,0.79,,
210,2019,2019,1,13,0.12,,
210,2019,2019,1,14,0.03,,
210,2019,2019,1,15,0.08,,
210,2019,2019,1,16,1.15,,
210,2019,2019,1,17,2.43,,
210,2019,2019,1,19,0.01,,
210,2019,2019,1,31,1.29,,
210,2019,2019,2,1,1.16,,
210,2019,2019,2,2,1.10,,
210,2019,2019,2,3,1.55,,
210,2019,2019,2,4,1.32,,
210,2019,2019,2,5,0.34,,
210,2019,2019,2,6,0.01,,
210,2019,2019,2,7,0.01,,
210,2019,2019,2,9,0.54,,
210,2019,2019,2,10,0.10,,
210,2019,2019,2,11,0.17,,
210,2019,2019,2,14,1.31,,
210,2019,2019,2,15,0.22,,
210,2019,2019,2,16,0.24,,
210,2019,2019,2,18,0.09,,
210,2019,2019,2,22,0.03,,
210,2019,2019,2,28,0.76,,
210,2019,2019,3,1,0.03,,
210,2019,2019,3,2,1.40,,
210,2019,2019,3,3,0.55,,
210,2019,2019,3,6,1.40,,
210,2019,2019,3,7,0.31,,
210,2019,2019,3,20,0.08,,
210,2019,2019,3,21,0.18,,
210,2019,2019,3,22,0.13,,
210,2019,2019,3,23,0.01,,
210,2019,2019,3,28,0.12,,
210,2019,2019,4,16,0.02,,
210,2019,2019,4,20,0.01,,
210,2019,2019,4,21,0.01,,
210,2019,2019,4,22,0.01,,
210,2019,2019,4,27,0.02,,
210,2019,2019,4,28,0.05,,
210,2019,2019,4,29,0.18,,
210,2019,2019,4,30,0.07,,
210,2019,2019,5,1,0.01,,
210,2019,2019,5,6,0.01,,
210,2019,2019,5,7,0.03,,
210,2019,2019,5,10,0.02,,
210,2019,2019,5,11,0.03,,
210,2019,2019,5,15,0.01,,
210,2019,2019,5,16,1.16,,
210,2019,2019,5,19,1.08,,
210,2019,2019,5,20,0.37,,
210,2019,2019,5,21,0.01,,
210,2019,2019,5,27,0.01,,
210,2019,2019,5,28,0.01,,
210,2019,2019,6,1,0.01,,
210,2019,2019,6,2,0.04,,
210,2019,2019,6,3,0.05,,
210,2019,2019,6,4,0.01,,
210,2019,2019,6,6,0.01,,
210,2019,2019,6,7,0.01,,
210,2019,2019,6,8,0.01,,
210,2019,2019,6,17,0.01,,
210,2019,2019,6,18,0.01,,
210,2019,2019,6,19,0.01,,
210,2019,2019,6,20,0.01,,
210,2019,2019,6,21,0.09,,
210,2019,2019,6,24,0.01,,
210,2019,2019,6,25,0.01,,
210,2019,2019,6,26,0.02,,
210,2019,2019,6,28,0.01,,
210,2019,2019,7,20,0.01,,
210,2020,2019,11,27,0.74,,
210,2020,2019,11,28,0.72,,
210,2020,2019,11,29,0.12,,
210,2020,2019,12,1,0.33,,
210,2020,2019,12,2,0.01,,
210,2020,2019,12,4,1.00,,
210,2020,2019,12,5,0.17,,
210,2020,2019,12,7,0.32,,
210,2020,2019,12,8,0.90,,
210,2020,2019,12,9,0.08,,
210,2020,2019,12,23,2.46,,
210,2020,2019,12,24,0.09,,
210,2020,2019,12,26,1.67,,
210,2020,2020,1,17,0.52,,
210,2020,2020,1,23,0.01,,
210,2020,2020,2,22,0.40,,
210,2020,2020,2,23,0.15,,
210,2020,2020,3,2,0.06,,
210,2020,2020,3,7,0.04,,
210,2020,2020,3,10,0.11,,
210,2020,2020,3,11,1.72,,
210,2020,2020,3,12,0.02,,
210,2020,2020,3,13,0.36,,
210,2020,2020,3,14,0.25,,
210,2020,2020,3,15,0.20,,
210,2020,2020,3,16,1.37,,
210,2020,2020,3,17,1.98,,
210,2020,2020,3,23,1.05,,
210,2020,2020,3,24,0.05,,
210,2020,2020,4,6,2.37,,
210,2020,2020,4,7,0.02,,
210,2020,2020,4,8,0.34,,
210,2020,2020,4,9,0.50,,
210,2020,2020,4,10,0.29,,
210,2020,2020,4,11,0.01,,
210,2020,2020,4,13,0.04,,
210,2020,2020,4,18,0.03,,
210,2020,2020,4,19,0.01,,
210,2020,2020,5,11,0.01,,
210,2020,2020,5,12,0.01,,
210,2020,2020,5,18,0.22,,
210,2020,2020,5,30,0.01,,
210,2020,2020,6,5,0.17,,
210,2020,2020,6,7,0.01,,
210,2020,2020,6,20,0.01,,
210,2020,2020,6,25,0.02,,
210,2020,2020,6,27,0.01,,
210,2020,2020,6,28,0.02,,
210,2020,2020,6,29,0.01,,
210,2021,2020,9,9,0.01,,
210,2021,2020,10,23,0.01,,
210,2021,2020,11,7,0.01,,
210,2021,2020,11,8,0.01,,
210,2021,2020,12,28,1.11,,
210,2021,2020,12,29,1.05,,
210,2021,2021,1,24,0.63,,
210,2021,2021,1,25,0.04,,
210,2021,2021,1,27,0.24,,
210,2021,2021,1,28,0.65,,
210,2021,2021,1,29,1.86,,
210,2021,2021,1,30,0.17,,
210,2021,2021,3,10,0.74,,
210,2021,2021,3,11,0.17,,
210,2021,2021,3,12,0.01,,
210,2021,2021,3,15,0.14,,
210,2021,2021,3,16,0.03,,
210,2021,2021,5,10,0.03,,
210,2021,2021,5,15,0.03,,
210,2021,2021,5,16,0.03,,
210,2021,2021,6,6,0.01,,
210,2021,2021,6,7,0.01,,
210,2021,2021,7,2,0.01,,
210,2021,2021,8,18,0.03,,
210,2021,2021,8,21,0.06,,
210,2021,2021,8,22,0.02,,
210,2022,2021,9,1,0.01,,
210,2022,2021,10,5,0.16,,
210,2022,2021,10,8,0.09,,
210,2022,2021,10,25,0.60,,
210,2022,2021,10,26,1.21,,
210,2022,2021,11,7,0.01,,
210,2022,2021,11,10,0.03,,
210,2022,2021,12,7,0.01,,
210,2022,2021,12,9,0.04,,
210,2022,2021,12,10,0.01,,
210,2022,2021,12,14,4.65,,
210,2022,2021,12,15,0.27,,
210,2022,2021,12,17,0.05,,
210,2022,2021,12,23,1.23,,
210,2022,2021,12,24,3.20,,
210,2022,2021,12,25,0.07,,
210,2022,2021,12,26,0.79,,
210,2022,2021,12,28,0.50,,
210,2022,2021,12,29,0.01,,
210,2022,2021,12,30,0.39,,
210,2022,2021,12,31,0.25,,
210,2022,2022,1,18,0.07,,
210,2022,2022,3,28,1.09,,
210,2022,2022,3,29,0.38,,
210,2022,2022,4,2,0.01,,
210,2022,2022,4,22,0.36,,
210,2022,2022,5,20,0.09,,
210,2022,2022,5,21,0.03,,
210,2022,2022,5,26,0.01,,
210,2022,2022,5,27,0.01,,
210,2022,2022,5,28,0.01,,
210,2023,2022,9,10,0.25,,
210,2023,2022,9,20,0.02,,
210,2023,2022,10,2,0.01,,
210,2023,2022,10,13,0.05,,
210,2023,2022,10,14,0.01,,
210,2023,2022,10,15,0.04,,
210,2023,2022,10,16,0.04,,
210,2023,2022,10,23,0.01,,
210,2023,2022,11,2,0.01,,
210,2023,2022,11,3,0.01,,
210,2023,2022,11,8,0.84,,
210,2023,2022,11,9,1.44,,
210,2023,2022,12,1,0.02,,
210,2023,2022,12,2,0.60,,
210,2023,2022,12,3,0.86,,
210,2023,2022,12,4,0.35,,
210,2023,2022,12,5,0.21,,
210,2023,2022,12,11,3.04,,
210,2023,2022,12,12,0.35,,
210,2023,2022,12,28,0.97,,
210,2023,2022,12,29,0.01,,
210,2023,2022,12,30,0.08,,
210,2023,2022,12,31,0.26,,
210,2023,2023,1,1,3.04,,
210,2023,2023,1,3,0.07,,
210,2023,2023,1,5,2.61,,
210,2023,2023,1,7,0.01,,
210,2023,2023,1,8,0.11,,
210,2023,2023,1,9,2.08,,
210,2023,2023,1,10,7.96,,
210,2023,2023,1,11,0.03,,
210,2023,2023,1,14,0.07,,
210,2023,2023,1,15,1.72,,
210,2023,2023,1,16,0.73,,
210,2023,2023,1,30,0.09,,
210,2023,2023,1,31,0.01,,
210,2023,2023,2,5,0.13,,
210,2023,2023,2,23,0.06,,
210,2023,2023,2,24,0.89,,
210,2023,2023,2,25,2.32,,
210,2023,2023,2,26,0.49,,
210,2023,2023,2,27,0.17,,
210,2023,2023,2,28,0.33,,
210,2023,2023,3,1,1.21,,
210,2023,2023,3,2,0.01,,
210,2023,2023,3,5,0.18,,
210,2023,2023,3,6,0.04,,
210,2023,2023,3,7,0.01,,
210,2023,2023,3,10,0.67,,
210,2023,2023,3,11,1.60,,
210,2023,2023,3,12,0.01,,
210,2023,2023,3,13,0.01,,
210,2023,2023,3,14,0.45,,
210,2023,2023,3,15,3.32,,
210,2023,2023,3,20,0.05,,
210,2023,2023,3,21,0.79,,
210,2023,2023,3,22,0.79,,
210,2023,2023,3,23,0.29,,
210,2023,2023,3,29,0.65,,
210,2023,2023,3,30,0.74,,
210,2023,2023,3,31,0.01,,
210,2023,2023,4,12,0.01,,
210,2023,2023,4,29,0.01,,
210,2023,2023,5,1,0.01,,
210,2023,2023,5,3,0.01,,
210,2023,2023,5,4,0.81,,
210,2023,2023,5,5,0.02,,
210,2023,2023,5,6,0.01,,
210,2023,2023,5,15,0.02,,
210,2023,2023,5,17,0.01,,
210,2023,2023,5,19,0.02,,
210,2023,2023,5,21,0.01,,
210,2023,2023,5,22,0.01,,
210,2023,2023,5,23,0.04,,
210,2023,2023,5,24,0.11,,
210,2023,2023,5,29,0.01,,
210,2023,2023,5,30,0.04,,
210,2023,2023,5,31,0.02,,
210,2023,2023,6,5,0.20,,
210,2023,2023,6,6,0.19,,
210,2023,2023,6,7,0.18,,
210,2023,2023,6,11,0.09,,
210,2023,2023,6,15,0.02,,
210,2023,2023,6,18,0.01,,
210,2024,2023,9,2,0.05,,
210,2024,2023,9,21,0.02,,
210,2024,2023,11,16,0.20,,
210,2024,2023,11,19,0.04,,
210,2024,2023,12,19,0.34,,
210,2024,2023,12,20,2.98,,
210,2024,2023,12,21,1.72,,
210,2024,2023,12,22,3.01,,
210,2024,2023,12,30,0.66,,
210,2024,2023,12,31,0.01,,
210,2024,2024,1,3,0.53,,
210,2024,2024,1,20,0.41,,
210,2024,2024,1,21,0.35,,
210,2024,2024,1,22,1.06,,
210,2024,2024,1,23,0.46,,
210,2024,2024,1,25,0.01,,
210,2024,2024,2,1,3.35,,
210,2024,2024,2,2,0.41,,
210,2024,2024,2,4,0.10,,
210,2024,2024,2,5,4.63,,
210,2024,2024,2,6,1.55,,
210,2024,2024,2,7,0.05,,
210,2024,2024,2,8,0.86,,
210,2024,2024,2,18,0.14,,
210,2024,2024,2,19,5.71,,
210,2024,2024,2,20,2.64,,
210,2024,2024,2,21,0.13,,
210,2024,2024,3,1,0.15,,
210,2024,2024,3,2,1.46,,
210,2024,2024,3,3,0.25,,
210,2024,2024,3,5,0.01,,
210,2024,2024,3,7,0.52,,
210,2024,2024,3,23,0.51,,
210,2024,2024,3,24,0.01,,
210,2024,2024,3,30,2.73,,
210,2024,2024,3,31,3.00,,
210,2024,2024,4,1,0.21,,
210,2024,2024,4,5,0.26,,
210,2024,2024,4,14,0.56,,
210,2024,2024,4,15,0.58,,
210,2024,2024,4,22,0.01,,
210,2024,2024,4,23,0.08,,
210,2024,2024,5,5,0.09,,
210,2024,2024,5,12,0.01,,
210,2024,2024,5,14,0.02,,
210,2024,2024,5,17,0.01,,
210,2024,2024,8,31,0.00,,