station id,water year,year,month,day,daily rain,code,,,,,
361,1928,1927,10,25,0.35,,,,,,
361,1928,1927,10,26,0.35,,,,,,
361,1928,1927,10,30,0.35,,,,,,
361,1928,1927,11,1,0.26,,,,,,
361,1928,1927,11,9,0.65,,,,,,
361,1928,1927,11,12,0.15,,,,,,
361,1928,1927,12,10,0.45,,,,,,
361,1928,1927,12,14,0.16,,,,,,
361,1928,1927,12,21,0.10,,,,,,
361,1928,1927,12,26,2.26,,,,,,
361,1928,1927,12,27,2.66,,,,,,
361,1928,1927,12,30,0.10,,,,,,
361,1928,1928,1,4,1.20,,,,,,
361,1928,1928,2,3,0.60,,,,,,
361,1928,1928,2,4,1.20,,,,,,
361,1928,1928,2,5,0.36,,,,,,
361,1928,1928,3,3,0.27,,,,,,
361,1928,1928,3,5,0.07,,,,,,
361,1928,1928,3,6,0.04,,,,,,
361,1928,1928,3,24,0.80,,,,,,
361,1928,1928,3,26,0.07,,,,,,
361,1930,1930,1,5,0.13,,,,,,
361,1930,1930,1,7,0.30,,,,,,
361,1930,1930,1,9,0.02,,,,,,
361,1930,1930,1,10,1.10,,,,,,
361,1930,1930,1,11,0.50,,,,,,
361,1930,1930,1,12,0.05,,,,,,
361,1930,1930,1,13,0.30,,,,,,
361,1930,1930,1,14,0.13,,,,,,
361,1930,1930,1,15,0.15,,,,,,
361,1930,1930,1,16,0.08,,,,,,
361,1930,1930,1,18,0.03,,,,,,
361,1930,1930,1,19,0.23,,,,,,
361,1930,1930,2,20,0.24,,,,,,
361,1930,1930,2,22,0.15,,,,,,
361,1930,1930,2,23,0.54,,,,,,
361,1930,1930,2,24,0.16,,,,,,
361,1930,1930,2,26,0.05,,,,,,
361,1930,1930,2,27,0.10,,,,,,
361,1930,1930,3,3,0.07,,,,,,
361,1930,1930,3,4,0.11,,,,,,
361,1930,1930,3,5,0.47,,,,,,
361,1930,1930,3,6,0.22,,,,,,
361,1930,1930,3,7,0.02,,,,,,
361,1930,1930,3,14,0.84,,,,,,
361,1930,1930,3,15,0.60,,,,,,
361,1930,1930,3,16,0.82,,,,,,
361,1930,1930,3,17,0.22,,,,,,
361,1930,1930,3,19,0.11,,,,,,
361,1930,1930,3,20,0.02,,,,,,
361,1930,1930,4,13,0.20,,,,,,
361,1930,1930,4,14,0.20,,,,,,
361,1930,1930,4,15,0.02,,,,,,
361,1930,1930,4,30,0.28,,,,,,
361,1930,1930,5,1,0.12,,,,,,
361,1930,1930,5,2,0.03,,,,,,
361,1930,1930,5,5,0.66,,,,,,
361,1930,1930,5,6,0.21,,,,,,
361,1930,1930,5,17,0.03,,,,,,
361,1931,1930,9,21,0.12,,,,,,
361,1931,1930,9,29,0.04,,,,,,
361,1931,1930,10,1,0.01,,,,,,
361,1931,1930,11,13,0.08,,,,,,
361,1931,1930,11,15,0.22,,,,,,
361,1931,1930,11,17,0.22,,,,,,
361,1931,1930,11,24,0.43,,,,,,
361,1931,1930,11,28,0.17,,,,,,
361,1931,1930,12,26,0.05,,,,,,
361,1931,1931,1,1,0.03,,,,,,
361,1931,1931,1,2,0.13,,,,,,
361,1931,1931,1,3,0.02,,,,,,
361,1931,1931,1,6,0.86,,,,,,
361,1931,1931,1,8,0.84,,,,,,
361,1931,1931,1,13,0.70,,,,,,
361,1931,1931,1,31,0.33,,,,,,
361,1931,1931,2,3,0.05,,,,,,
361,1931,1931,2,4,0.80,,,,,,
361,1931,1931,2,5,0.07,,,,,,
361,1931,1931,2,10,0.02,,,,,,
361,1931,1931,2,11,0.37,,,,,,
361,1931,1931,2,12,0.45,,,,,,
361,1931,1931,4,26,0.20,,,,,,
361,1931,1931,4,28,0.26,,,,,,
361,1931,1931,5,12,0.12,,,,,,
361,1931,1931,5,24,0.12,,,,,,
361,1931,1931,5,25,0.70,,,,,,
361,1931,1931,8,13,0.05,,,,,,
361,1932,1931,11,15,0.60,,,,,,
361,1932,1931,11,16,0.06,,,,,,
361,1932,1931,11,27,1.66,,,,,,
361,1932,1931,11,28,0.10,,,,,,
361,1932,1931,12,8,0.22,,,,,,
361,1932,1931,12,9,0.83,,,,,,
361,1932,1931,12,10,0.18,,,,,,
361,1932,1931,12,11,0.17,,,,,,
361,1932,1931,12,13,1.10,,,,,,
361,1932,1931,12,21,0.60,,,,,,
361,1932,1931,12,22,0.08,,,,,,
361,1932,1931,12,23,0.06,,,,,,
361,1932,1931,12,24,0.04,,,,,,
361,1932,1931,12,25,0.98,,,,,,
361,1932,1931,12,27,1.35,,,,,,
361,1932,1931,12,29,0.75,,,,,,
361,1932,1931,12,30,0.05,,,,,,
361,1932,1932,1,1,0.35,,,,,,
361,1932,1932,1,2,0.60,,,,,,
361,1932,1932,1,12,0.15,,,,,,
361,1932,1932,1,13,0.08,,,,,,
361,1932,1932,1,14,0.10,,,,,,
361,1932,1932,1,15,1.64,,,,,,
361,1932,1932,1,16,0.54,,,,,,
361,1932,1932,1,27,0.22,,,,,,
361,1932,1932,1,31,0.09,,,,,,
361,1932,1932,2,1,1.09,,,,,,
361,1932,1932,2,2,0.29,,,,,,
361,1932,1932,2,4,0.04,,,,,,
361,1932,1932,2,7,0.02,,,,,,
361,1932,1932,2,8,0.40,,,,,,
361,1932,1932,2,9,0.89,,,,,,
361,1932,1932,2,10,0.05,,,,,,
361,1932,1932,2,14,0.07,,,,,,
361,1932,1932,2,16,0.07,,,,,,
361,1932,1932,2,17,0.08,,,,,,
361,1932,1932,3,15,0.05,,,,,,
361,1932,1932,4,27,0.08,,,,,,
361,1932,1932,5,4,0.25,,,,,,
361,1933,1932,11,30,0.10,,,,,,
361,1933,1932,12,1,0.10,,,,,,
361,1933,1932,12,9,0.25,,,,,,
361,1933,1932,12,10,0.35,,,,,,
361,1933,1932,12,11,0.15,,,,,,
361,1933,1932,12,12,0.15,,,,,,
361,1933,1932,12,19,0.17,,,,,,
361,1933,1932,12,21,0.10,,,,,,
361,1933,1932,12,22,0.05,,,,,,
361,1933,1932,12,26,0.23,,,,,,
361,1933,1933,1,16,0.63,,,,,,
361,1933,1933,1,17,0.18,,,,,,
361,1933,1933,1,19,0.65,,,,,,
361,1933,1933,1,20,1.18,,,,,,
361,1933,1933,1,22,0.43,,,,,,
361,1933,1933,1,23,0.40,,,,,,
361,1933,1933,1,25,0.30,,,,,,
361,1933,1933,1,26,0.05,,,,,,
361,1933,1933,1,28,0.31,,,,,,
361,1933,1933,1,29,0.30,,,,,,
361,1933,1933,1,30,0.65,,,,,,
361,1933,1933,2,12,0.08,,,,,,
361,1933,1933,2,13,0.04,,,,,,
361,1933,1933,3,17,0.35,,,,,,
361,1933,1933,3,28,0.21,,,,,,
361,1933,1933,4,18,0.20,,,,,,
361,1933,1933,4,28,0.68,,,,,,
361,1933,1933,6,5,0.85,,,,,,
361,1933,1933,6,6,0.05,,,,,,
361,1934,1933,12,3,0.05,,,,,,
361,1934,1933,12,12,0.05,,,,,,
361,1934,1933,12,13,0.65,,,,,,
361,1934,1933,12,14,0.30,,,,,,
361,1934,1933,12,15,0.54,,,,,,
361,1934,1933,12,23,0.25,,,,,,
361,1934,1933,12,31,0.10,,,,,,
361,1934,1934,1,1,0.80,,,,,,
361,1934,1934,2,12,0.25,,,,,,
361,1934,1934,2,20,0.25,,,,,,
361,1934,1934,2,23,0.20,,,,,,
361,1934,1934,2,24,0.45,,,,,,
361,1934,1934,2,26,0.22,,,,,,
361,1934,1934,5,26,0.20,,,,,,
361,1934,1934,5,28,0.25,,,,,,
361,1934,1934,6,5,0.50,,,,,,
361,1934,1934,6,6,0.15,,,,,,
361,1935,1934,10,17,0.30,,,,,,
361,1935,1934,10,18,0.65,,,,,,
361,1935,1934,11,1,0.26,,,,,,
361,1935,1934,11,15,0.23,,,,,,
361,1935,1934,11,18,0.26,,,,,,
361,1935,1934,11,19,0.81,,,,,,
361,1935,1934,12,6,0.03,,,,,,
361,1935,1934,12,13,0.13,,,,,,
361,1935,1934,12,14,1.00,,,,,,
361,1935,1934,12,28,0.52,,,,,,
361,1935,1935,1,4,0.43,,,,,,
361,1935,1935,1,5,1.70,,,,,,
361,1935,1935,1,9,0.79,,,,,,
361,1935,1935,1,10,0.61,,,,,,
361,1935,1935,1,15,0.59,,,,,,
361,1935,1935,1,16,0.09,,,,,,
361,1935,1935,1,17,0.21,,,,,,
361,1935,1935,1,18,0.36,,,,,,
361,1935,1935,2,4,0.45,,,,,,
361,1935,1935,2,5,0.11,,,,,,
361,1935,1935,2,6,0.05,,,,,,
361,1935,1935,2,7,0.20,,,,,,
361,1935,1935,2,14,0.09,,,,,,
361,1935,1935,3,1,0.10,,,,,,
361,1935,1935,3,2,0.15,,,,,,
361,1935,1935,3,3,0.35,,,,,,
361,1935,1935,3,4,0.02,,,,,,
361,1935,1935,3,7,0.98,,,,,,
361,1935,1935,3,8,0.25,,,,,,
361,1935,1935,3,9,0.10,,,,,,
361,1935,1935,3,19,0.05,,,,,,
361,1935,1935,3,21,0.10,,,,,,
361,1935,1935,3,23,0.12,,,,,,
361,1935,1935,3,24,0.80,,,,,,
361,1935,1935,4,3,0.11,,,,,,
361,1935,1935,4,4,0.07,,,,,,
361,1935,1935,4,7,0.18,,,,,,
361,1935,1935,4,8,0.86,,,,,,
361,1935,1935,4,9,0.02,,,,,,
361,1935,1935,4,15,0.06,,,,,,
361,1935,1935,4,16,0.58,,,,,,
361,1935,1935,4,30,0.12,,,,,,
361,1936,1935,10,11,0.15,,,,,,
361,1936,1935,10,14,0.28,,,,,,
361,1936,1935,11,2,0.07,,,,,,
361,1936,1935,11,17,1.90,,,,,,
361,1936,1935,12,3,0.42,,,,,,
361,1936,1935,12,12,0.19,,,,,,
361,1936,1935,12,29,0.51,,,,,,
361,1936,1936,1,9,0.15,,,,,,
361,1936,1936,1,10,0.22,,,,,,
361,1936,1936,1,11,0.12,,,,,,
361,1936,1936,1,12,0.09,,,,,,
361,1936,1936,1,16,0.07,,,,,,
361,1936,1936,2,1,0.20,,,,,,
361,1936,1936,2,2,0.50,,,,,,
361,1936,1936,2,11,0.37,,,,,,
361,1936,1936,2,12,0.24,,,,,,
361,1936,1936,2,13,0.37,,,,,,
361,1936,1936,2,15,0.54,,,,,,
361,1936,1936,2,16,0.60,,,,,,
361,1936,1936,2,18,0.47,,,,,,
361,1936,1936,2,19,0.07,,,,,,
361,1936,1936,2,20,0.05,,,,,,
361,1936,1936,2,23,1.00,,,,,,
361,1936,1936,2,24,0.10,,,,,,
361,1936,1936,2,25,0.05,,,,,,
361,1936,1936,3,21,0.20,,,,,,
361,1936,1936,3,25,0.22,,,,,,
361,1936,1936,3,30,0.63,,,,,,
361,1936,1936,4,3,0.22,,,,,,
361,1936,1936,4,4,0.31,,,,,,
361,1936,1936,5,29,0.28,,,,,,
361,1937,1936,10,18,0.30,,,,,,
361,1937,1936,10,19,0.25,,,,,,
361,1937,1936,10,30,0.47,,,,,,
361,1937,1936,12,15,0.60,,,,,,
361,1937,1936,12,16,0.05,,,,,,
361,1937,1936,12,25,0.15,,,,,,
361,1937,1936,12,27,0.97,,,,,,
361,1937,1936,12,28,0.63,,,,,,
361,1937,1936,12,29,0.45,,,,,,
361,1937,1936,12,30,0.10,,,,,,
361,1937,1936,12,31,0.72,,,,,,
361,1937,1937,1,1,0.22,,,,,,
361,1937,1937,1,6,0.45,,,,,,
361,1937,1937,1,7,0.07,,,,,,
361,1937,1937,1,12,0.98,,,,,,
361,1937,1937,1,29,0.15,,,,,,
361,1937,1937,1,30,0.12,,,,,,
361,1937,1937,2,5,0.16,,,,,,
361,1937,1937,2,6,0.88,,,,,,
361,1937,1937,2,14,0.98,,,,,,
361,1937,1937,2,25,0.30,,,,,,
361,1937,1937,3,12,0.83,,,,,,
361,1937,1937,3,13,0.44,,,,,,
361,1937,1937,3,16,0.23,,,,,,
361,1937,1937,3,18,0.15,,,,,,
361,1937,1937,3,22,1.15,,,,,,
361,1937,1937,3,23,0.20,,,,,,
361,1937,1937,3,24,0.18,,,,,,
361,1937,1937,3,25,0.81,,,,,,
361,1938,1937,12,10,0.30,,,,,,
361,1938,1937,12,11,0.09,,,,,,
361,1938,1937,12,12,0.83,,,,,,
361,1938,1937,12,13,0.26,,,,,,
361,1938,1937,12,26,0.30,,,,,,
361,1938,1937,12,27,0.09,,,,,,
361,1938,1938,1,15,1.00,,,,,,
361,1938,1938,1,17,0.11,,,,,,
361,1938,1938,1,18,0.43,,,,,,
361,1938,1938,1,20,0.20,,,,,,
361,1938,1938,1,28,0.10,,,,,,
361,1938,1938,2,1,1.99,,,,,,
361,1938,1938,2,2,0.13,,,,,,
361,1938,1938,2,3,0.73,,,,,,
361,1938,1938,2,4,0.23,,,,,,
361,1938,1938,2,5,0.04,,,,,,
361,1938,1938,2,9,0.18,,,,,,
361,1938,1938,2,10,0.36,,,,,,
361,1938,1938,2,11,2.31,,,,,,
361,1938,1938,2,12,0.37,,,,,,
361,1938,1938,2,14,0.10,,,,,,
361,1938,1938,2,18,0.02,,,,,,
361,1938,1938,2,19,0.40,,,,,,
361,1938,1938,2,28,0.30,,,,,,
361,1938,1938,3,1,0.84,,,,,,
361,1938,1938,3,2,0.44,,,,,,
361,1938,1938,3,3,1.42,,,,,,
361,1938,1938,3,4,0.30,,,,,,
361,1938,1938,3,8,0.56,,,,,,
361,1938,1938,3,11,0.72,,,,,,
361,1938,1938,3,13,0.22,,,,,,
361,1938,1938,3,14,0.02,,,,,,
361,1939,1938,9,27,0.53,,,,,,
361,1939,1938,9,28,0.02,,,,,,
361,1939,1938,10,6,0.01,,,,,,
361,1939,1938,10,31,0.14,,,,,,
361,1939,1938,11,30,0.29,,,,,,
361,1939,1938,12,14,0.13,,,,,,
361,1939,1938,12,16,0.54,,,,,,
361,1939,1938,12,19,0.14,,,,,,
361,1939,1938,12,20,0.40,,,,,,
361,1939,1938,12,21,0.26,,,,,,
361,1939,1939,1,3,0.16,,,,,,
361,1939,1939,1,5,0.68,,,,,,
361,1939,1939,1,6,0.26,,,,,,
361,1939,1939,1,21,0.45,,,,,,
361,1939,1939,1,31,0.70,,,,,,
361,1939,1939,2,1,0.19,,,,,,
361,1939,1939,2,3,0.35,,,,,,
361,1939,1939,2,4,0.62,,,,,,
361,1939,1939,2,8,0.25,,,,,,
361,1939,1939,2,10,0.15,,,,,,
361,1939,1939,3,9,0.41,,,,,,
361,1939,1939,3,10,1.00,,,,,,
361,1939,1939,3,26,1.00,,,,,,
361,1939,1939,3,27,0.70,,,,,,
361,1939,1939,4,1,0.12,,,,,,
361,1939,1939,4,2,0.12,,,,,,
361,1939,1939,4,13,0.05,,,,,,
361,1941,1940,10,25,0.70,,,,,,
361,1941,1940,10,26,0.21,,,,,,
361,1941,1940,10,27,0.27,,,,,,
361,1941,1940,11,17,0.14,,,,,,
361,1941,1940,12,16,0.65,,,,,,
361,1941,1940,12,17,0.58,,,,,,
361,1941,1940,12,18,0.10,,,,,,
361,1941,1940,12,19,0.16,,,,,,
361,1941,1940,12,20,0.04,,,,,,
361,1941,1940,12,22,0.98,,,,,,
361,1941,1940,12,23,2.22,,,,,,
361,1941,1940,12,24,0.06,,,,,,
361,1941,1940,12,25,0.34,,,,,,
361,1941,1940,12,27,0.12,,,,,,
361,1941,1940,12,29,0.19,,,,,,
361,1941,1941,1,5,0.20,,,,,,
361,1941,1941,1,7,0.73,,,,,,
361,1941,1941,1,8,0.21,,,,,,
361,1941,1941,1,9,2.90,,,,,,
361,1941,1941,1,14,0.47,,,,,,
361,1941,1941,1,20,0.36,,,,,,
361,1941,1941,1,22,0.90,,,,,,
361,1941,1941,1,23,0.05,,,,,,
361,1941,1941,1,24,0.60,,,,,,
361,1941,1941,1,26,0.74,,,,,,
361,1941,1941,2,6,1.70,,,,,,
361,1941,1941,2,8,0.20,,,,,,
361,1941,1941,2,10,0.33,,,,,,
361,1941,1941,2,11,0.10,,,,,,
361,1941,1941,2,12,0.90,,,,,,
361,1941,1941,2,15,0.68,,,,,,
361,1941,1941,2,17,0.27,,,,,,
361,1941,1941,2,20,0.16,,,,,,
361,1941,1941,2,21,0.06,,,,,,
361,1941,1941,2,22,0.50,,,,,,
361,1941,1941,2,24,0.50,,,,,,
361,1941,1941,3,1,2.00,,,,,,
361,1941,1941,3,2,0.30,,,,,,
361,1941,1941,3,3,0.30,,,,,,
361,1941,1941,3,4,2.99,,,,,,
361,1941,1941,3,13,0.86,,,,,,
361,1941,1941,3,14,0.62,,,,,,
361,1941,1941,3,29,1.52,,,,,,
361,1941,1941,3,31,1.43,,,,,,
361,1941,1941,4,1,0.75,,,,,,
361,1941,1941,4,2,0.24,,,,,,
361,1941,1941,4,4,0.75,,,,,,
361,1941,1941,4,10,0.85,,,,,,
361,1941,1941,4,29,0.53,,,,,,
361,1944,1943,10,18,0.37,,,,,,
361,1944,1943,10,19,0.07,,,,,,
361,1944,1943,10,20,0.07,,,,,,
361,1944,1943,10,21,0.05,,,,,,
361,1944,1943,10,25,0.08,,,,,,
361,1944,1943,10,26,0.13,,,,,,
361,1944,1943,10,27,0.09,,,,,,
361,1944,1943,10,28,0.01,,,,,,
361,1944,1943,11,3,0.10,,,,,,
361,1944,1943,11,16,0.05,,,,,,
361,1944,1943,12,5,0.15,,,,,,
361,1944,1943,12,9,0.15,,,,,,
361,1944,1943,12,10,0.39,,,,,,
361,1944,1943,12,11,0.11,,,,,,
361,1944,1943,12,15,0.05,,,,,,
361,1944,1943,12,16,0.12,,,,,,
361,1944,1943,12,20,0.38,,,,,,
361,1944,1943,12,27,0.10,,,,,,
361,1944,1943,12,28,0.86,,,,,,
361,1944,1943,12,29,0.39,,,,,,
361,1944,1943,12,30,0.18,,,,,,
361,1944,1944,1,1,0.03,,,,,,
361,1944,1944,1,2,0.20,,,,,,
361,1944,1944,1,3,0.15,,,,,,
361,1944,1944,1,5,0.08,,,,,,
361,1944,1944,1,23,0.11,,,,,,
361,1944,1944,1,24,0.09,,,,,,
361,1944,1944,2,3,1.01,,,,,,
361,1944,1944,2,4,0.04,,,,,,
361,1944,1944,2,8,0.35,,,,,,
361,1944,1944,2,14,0.02,,,,,,
361,1944,1944,2,19,0.55,,,,,,
361,1944,1944,2,20,0.56,,,,,,
361,1944,1944,2,21,0.47,,,,,,
361,1944,1944,2,22,0.23,,,,,,
361,1944,1944,2,23,0.12,,,,,,
361,1944,1944,2,25,0.04,,,,,,
361,1944,1944,2,26,0.15,,,,,,
361,1944,1944,2,28,0.05,,,,,,
361,1944,1944,2,29,0.81,,,,,,
361,1944,1944,3,1,0.12,,,,,,
361,1944,1944,3,2,0.01,,,,,,
361,1944,1944,3,4,0.02,,,,,,
361,1944,1944,3,5,0.01,,,,,,
361,1944,1944,4,26,0.78,,,,,,
361,1944,1944,4,27,0.11,,,,,,
361,1950,1949,10,6,0.03,,,,,,
361,1950,1949,11,9,0.01,,,,,,
361,1950,1949,11,10,0.76,,,,,,
361,1950,1949,12,8,1.03,,,,,,
361,1950,1949,12,9,0.10,,,,,,
361,1950,1949,12,15,0.20,,,,,,
361,1950,1949,12,19,0.29,,,,,,
361,1950,1950,1,8,0.38,,,,,,
361,1950,1950,1,9,0.03,,,,,,
361,1950,1950,1,10,0.04,,,,,,
361,1950,1950,1,11,0.17,,,,,,
361,1950,1950,1,12,0.07,,,,,,
361,1950,1950,1,14,0.26,,,,,,
361,1950,1950,1,16,0.06,,,,,,
361,1950,1950,1,17,0.16,,,,,,
361,1950,1950,1,23,0.05,,,,,,
361,1950,1950,2,4,0.59,,,,,,
361,1950,1950,2,5,0.55,,,,,,
361,1950,1950,2,6,0.25,,,,,,
361,1950,1950,2,9,0.11,,,,,,
361,1950,1950,2,10,0.26,,,,,,
361,1950,1950,3,1,0.07,,,,,,
361,1950,1950,3,24,0.72,,,,,,
361,1950,1950,3,25,0.10,,,,,,
361,1950,1950,4,7,0.05,,,,,,
361,1950,1950,4,8,0.14,,,,,,
361,1950,1950,4,9,0.09,,,,,,
361,1950,1950,5,2,0.02,,,,,,
361,1950,1950,5,3,0.08,,,,,,
361,1950,1950,7,9,0.60,,,,,,
361,1951,1950,10,26,0.44,,,,,,
361,1951,1950,10,27,0.10,,,,,,
361,1951,1950,11,13,0.13,,,,,,
361,1951,1950,11,14,0.07,,,,,,
361,1951,1950,11,16,0.04,,,,,,
361,1951,1950,11,17,0.09,,,,,,
361,1951,1950,11,18,0.12,,,,,,
361,1951,1950,11,19,0.21,,,,,,
361,1951,1950,11,20,0.05,,,,,,
361,1951,1950,12,1,0.03,,,,,,
361,1951,1950,12,3,0.22,,,,,,
361,1951,1950,12,6,0.05,,,,,,
361,1951,1950,12,7,0.04,,,,,,
361,1951,1950,12,14,0.05,,,,,,
361,1951,1950,12,25,0.03,,,,,,
361,1951,1950,12,26,0.07,,,,,,
361,1951,1951,1,4,0.37,,,,,,
361,1951,1951,1,10,0.47,,,,,,
361,1951,1951,1,11,0.26,,,,,,
361,1951,1951,1,12,0.10,,,,,,
361,1951,1951,1,15,0.18,,,,,,
361,1951,1951,1,16,0.02,,,,,,
361,1951,1951,1,18,0.16,,,,,,
361,1951,1951,1,28,0.02,,,,,,
361,1951,1951,1,29,0.36,,,,,,
361,1951,1951,2,5,0.03,,,,,,
361,1951,1951,2,11,0.04,,,,,,
361,1951,1951,2,22,0.02,,,,,,
361,1951,1951,2,23,0.07,,,,,,
361,1951,1951,2,26,0.65,,,,,,
361,1951,1951,2,27,0.20,,,,,,
361,1951,1951,2,28,0.58,,,,,,
361,1951,1951,3,2,0.37,,,,,,
361,1951,1951,3,5,0.01,,,,,,
361,1951,1951,3,6,0.13,,,,,,
361,1951,1951,4,4,0.09,,,,,,
361,1951,1951,4,18,0.05,,,,,,
361,1951,1951,4,19,0.17,,,,,,
361,1951,1951,4,24,0.07,,,,,,
361,1951,1951,4,25,0.98,,,,,,
361,1951,1951,4,28,0.45,,,,,,
361,1951,1951,4,29,0.05,,,,,,
361,1951,1951,5,4,0.05,,,,,,
361,1954,1953,11,4,0.30,,,,,,
361,1954,1953,11,10,0.51,,,,,,
361,1954,1953,11,14,2.17,,,,,,
361,1954,1953,11,19,0.06,,,,,,
361,1954,1953,11,20,0.02,,,,,,
361,1954,1953,12,3,0.07,,,,,,
361,1954,1953,12,4,0.12,,,,,,
361,1954,1954,1,11,0.44,,,,,,
361,1954,1954,1,12,0.41,,,,,,
361,1954,1954,1,17,0.08,,,,,,
361,1954,1954,1,18,0.06,,,,,,
361,1954,1954,1,19,0.74,,,,,,
361,1954,1954,1,20,0.27,,,,,,
361,1954,1954,1,23,0.61,,,,,,
361,1954,1954,1,24,0.83,,,,,,
361,1954,1954,2,12,0.68,,,,,,
361,1954,1954,2,13,0.15,,,,,,
361,1954,1954,2,14,0.19,,,,,,
361,1954,1954,2,17,0.09,,,,,,
361,1954,1954,3,9,0.20,,,,,,
361,1954,1954,3,10,0.05,,,,,,
361,1954,1954,3,16,1.08,,,,,,
361,1954,1954,3,17,0.17,,,,,,
361,1954,1954,3,19,0.87,,,,,,
361,1954,1954,3,20,0.18,,,,,,
361,1954,1954,3,24,0.25,,,,,,
361,1954,1954,3,25,0.08,,,,,,
361,1954,1954,3,29,0.44,,,,,,
361,1954,1954,3,30,0.14,,,,,,
361,1954,1954,4,5,0.02,,,,,,
361,1954,1954,4,6,0.03,,,,,,
361,1954,1954,4,27,0.18,,,,,,
361,1955,1954,11,10,0.01,,,,,,
361,1955,1954,11,11,0.24,,,,,,
361,1955,1954,11,15,0.44,,,,,,
361,1955,1954,12,2,0.04,,,,,,
361,1955,1954,12,3,0.53,,,,,,
361,1955,1954,12,4,0.03,,,,,,
361,1955,1954,12,9,0.80,,,,,,
361,1955,1954,12,10,0.12,,,,,,
361,1955,1954,12,31,0.05,,,,,,
361,1955,1955,1,1,0.62,,,,,,
361,1955,1955,1,5,0.06,,,,,,
361,1955,1955,1,9,0.53,,,,,,
361,1955,1955,1,10,0.33,,,,,,
361,1955,1955,1,15,0.18,,,,,,
361,1955,1955,1,16,0.55,,,,,,
361,1955,1955,1,18,1.08,,,,,,
361,1955,1955,1,19,0.06,,,,,,
361,1955,1955,1,30,0.08,,,,,,
361,1955,1955,2,16,0.62,,,,,,
361,1955,1955,2,17,0.15,,,,,,
361,1955,1955,2,25,0.03,,,,,,
361,1955,1955,2,26,0.03,,,,,,
361,1955,1955,2,27,0.33,,,,,,
361,1955,1955,2,28,0.01,,,,,,
361,1955,1955,3,9,0.03,,,,,,
361,1955,1955,3,10,0.07,,,,,,
361,1955,1955,3,11,0.25,,,,,,
361,1955,1955,4,17,0.04,,,,,,
361,1955,1955,4,21,1.25,,,,,,
361,1955,1955,4,22,0.06,,,,,,
361,1955,1955,4,25,0.12,,,,,,
361,1955,1955,4,26,0.01,,,,,,
361,1955,1955,4,29,0.20,,,,,,
361,1955,1955,4,30,0.12,,,,,,
361,1955,1955,5,7,0.15,,,,,,
361,1955,1955,8,5,0.06,,,,,,
361,1956,1955,11,13,1.56,,,,,,
361,1956,1955,11,16,0.22,,,,,,
361,1956,1955,11,17,0.02,,,,,,
361,1956,1955,11,21,0.20,,,,,,
361,1956,1955,12,1,0.13,,,,,,
361,1956,1955,12,2,0.05,,,,,,
361,1956,1955,12,3,0.30,,,,,,
361,1956,1955,12,4,0.06,,,,,,
361,1956,1955,12,6,0.31,,,,,,
361,1956,1955,12,22,0.05,,,,,,
361,1956,1955,12,25,2.85,,,,,,
361,1956,1955,12,26,0.05,,,,,,
361,1956,1955,12,31,0.07,,,,,,
361,1956,1956,1,20,0.08,,,,,,
361,1956,1956,1,22,0.05,,,,,,
361,1956,1956,1,25,1.48,,,,,,
361,1956,1956,1,26,0.35,,,,,,
361,1956,1956,1,27,0.10,,,,,,
361,1956,1956,1,30,0.11,,,,,,
361,1956,1956,1,31,0.09,,,,,,
361,1956,1956,2,18,0.04,,,,,,
361,1956,1956,2,22,0.12,,,,,,
361,1956,1956,2,23,0.21,,,,,,
361,1956,1956,2,24,0.10,,,,,,
361,1956,1956,4,11,0.74,,,,,,
361,1956,1956,4,25,0.30,,,,,,
361,1956,1956,4,26,0.07,,,,,,
361,1956,1956,4,27,0.03,,,,,,
361,1956,1956,5,3,0.07,,,,,,
361,1956,1956,5,4,0.09,,,,,,
361,1956,1956,5,8,0.21,,,,,,
361,1956,1956,5,9,0.34,,,,,,
361,1957,1956,10,4,0.07,,,,,,
361,1957,1956,10,5,0.03,,,,,,
361,1957,1956,10,30,0.05,,,,,,
361,1957,1957,1,4,0.17,,,,,,
361,1957,1957,1,5,0.31,,,,,,
361,1957,1957,1,11,0.02,,,,,,
361,1957,1957,1,12,0.62,,,,,,
361,1957,1957,1,13,0.05,,,,,,
361,1957,1957,1,20,0.56,,,,,,
361,1957,1957,1,23,0.10,,,,,,
361,1957,1957,1,24,0.03,,,,,,
361,1957,1957,1,25,0.33,,,,,,
361,1957,1957,1,26,0.02,,,,,,
361,1957,1957,1,28,0.20,,,,,,
361,1957,1957,2,8,0.86,,,,,,
361,1957,1957,2,22,0.45,,,,,,
361,1957,1957,2,23,0.25,,,,,,
361,1957,1957,2,28,1.00,,,,,,
361,1957,1957,3,9,0.28,,,,,,
361,1957,1957,3,16,0.17,,,,,,
361,1957,1957,3,18,0.07,,,,,,
361,1957,1957,3,19,0.07,,,,,,
361,1957,1957,4,18,0.67,,,,,,
361,1957,1957,4,20,0.33,,,,,,
361,1957,1957,5,11,0.03,,,,,,
361,1957,1957,5,18,0.21,,,,,,
361,1957,1957,5,19,0.03,,,,,,
361,1957,1957,6,9,0.16,,,,,,
361,1958,1957,10,10,0.30,,,,,,
361,1958,1957,10,11,0.08,,,,,,
361,1958,1957,10,13,0.23,,,,,,
361,1958,1957,11,2,0.03,,,,,,
361,1958,1957,11,14,0.12,,,,,,
361,1958,1957,12,4,0.71,,,,,,
361,1958,1957,12,5,0.41,,,,,,
361,1958,1957,12,16,1.10,,,,,,
361,1958,1957,12,18,0.04,,,,,,
361,1958,1958,1,2,0.02,,,,,,
361,1958,1958,1,9,0.08,,,,,,
361,1958,1958,1,10,0.16,,,,,,
361,1958,1958,1,26,1.61,,,,,,
361,1958,1958,1,30,0.17,,,,,,
361,1958,1958,2,2,0.65,,,,,,
361,1958,1958,2,3,0.56,,,,,,
361,1958,1958,2,4,0.34,,,,,,
361,1958,1958,2,6,0.04,,,,,,
361,1958,1958,2,7,0.12,,,,,,
361,1958,1958,2,12,0.42,,,,,,
361,1958,1958,2,18,0.41,,,,,,
361,1958,1958,2,19,1.28,,,,,,
361,1958,1958,2,24,0.84,,,,,,
361,1958,1958,2,25,0.32,,,,,,
361,1958,1958,3,6,0.33,,,,,,
361,1958,1958,3,11,0.38,,,,,,
361,1958,1958,3,12,0.04,,,,,,
361,1958,1958,3,13,0.23,,,,,,
361,1958,1958,3,14,0.17,,,,,,
361,1958,1958,3,15,0.79,,,,,,
361,1958,1958,3,16,0.44,,,,,,
361,1958,1958,3,20,0.53,,,,,,
361,1958,1958,3,21,0.51,,,,,,
361,1958,1958,3,23,0.05,,,,,,
361,1958,1958,3,24,0.05,,,,,,
361,1958,1958,3,27,0.99,,,,,,
361,1958,1958,3,30,0.20,,,,,,
361,1958,1958,3,31,0.31,,,,,,
361,1958,1958,4,1,1.57,,,,,,
361,1958,1958,4,2,0.26,,,,,,
361,1958,1958,4,3,0.51,,,,,,
361,1958,1958,4,4,0.11,,,,,,
361,1958,1958,4,6,1.19,,,,,,
361,1958,1958,4,7,0.15,,,,,,
361,1958,1958,4,30,0.02,,,,,,
361,1958,1958,5,21,0.06,,,,,,
361,1958,1958,5,22,0.11,,,,,,
361,1959,1958,9,7,0.16,,,,,,
361,1959,1958,9,23,0.58,,,,,,
361,1959,1958,11,10,0.05,,,,,,
361,1959,1958,12,27,0.20,,,,,,
361,1959,1959,1,5,2.25,,,,,,
361,1959,1959,1,6,0.10,,,,,,
361,1959,1959,1,10,0.09,,,,,,
361,1959,1959,1,12,0.22,,,,,,
361,1959,1959,2,8,0.14,,,,,,
361,1959,1959,2,9,0.01,,,,,,
361,1959,1959,2,10,0.67,,,,,,
361,1959,1959,2,11,0.51,,,,,,
361,1959,1959,2,12,0.19,,,,,,
361,1959,1959,2,16,0.55,,,,,,
361,1959,1959,2,20,0.40,,,,,,
361,1959,1959,2,21,0.66,,,,,,
361,1959,1959,4,25,0.15,,,,,,
361,1959,1959,8,17,0.02,,,,,,
361,1961,1960,10,5,0.07,,,,,,
361,1961,1960,10,6,1.61,,,,,,
361,1961,1960,11,3,0.18,,,,,,
361,1961,1960,11,4,0.58,,,,,,
361,1961,1960,11,5,0.40,,,,,,
361,1961,1960,11,6,0.12,,,,,,
361,1961,1960,11,12,0.23,,,,,,
361,1961,1960,11,13,0.25,,,,,,
361,1961,1960,11,26,1.03,,,,,,
361,1961,1960,12,1,0.60,,,,,,
361,1961,1960,12,10,0.10,,,,,,
361,1961,1961,1,25,0.51,,,,,,
361,1961,1961,1,26,0.49,,,,,,
361,1961,1961,1,31,0.05,,,,,,
361,1961,1961,2,1,0.07,,,,,,
361,1961,1961,2,3,0.03,,,,,,
361,1961,1961,2,12,0.05,,,,,,
361,1961,1961,3,5,0.05,,,,,,
361,1961,1961,3,14,0.10,,,,,,
361,1961,1961,3,15,0.14,,,,,,
361,1961,1961,3,17,0.11,,,,,,
361,1961,1961,3,24,0.03,,,,,,
361,1961,1961,3,25,0.02,,,,,,
361,1961,1961,4,22,0.12,,,,,,
361,1961,1961,5,6,0.05,,,,,,
361,1961,1961,5,7,0.02,,,,,,
361,1961,1961,6,1,0.10,,,,,,
361,1962,1961,11,11,0.02,,,,,,
361,1962,1961,11,19,0.09,,,,,,
361,1962,1961,11,20,0.80,,,,,,
361,1962,1961,11,25,0.60,,,,,,
361,1962,1961,11,29,0.01,,,,,,
361,1962,1961,12,1,1.92,,,,,,
361,1962,1961,12,2,0.22,,,,,,
361,1962,1961,12,3,0.02,,,,,,
361,1962,1961,12,14,0.11,,,,,,
361,1962,1961,12,15,0.02,,,,,,
361,1962,1962,1,12,0.07,,,,,,
361,1962,1962,1,20,0.44,,,,,,
361,1962,1962,1,21,0.21,,,,,,
361,1962,1962,1,22,0.51,,,,,,
361,1962,1962,1,23,0.09,,,,,,
361,1962,1962,2,7,0.84,,,,,,
361,1962,1962,2,8,0.49,,,,,,
361,1962,1962,2,9,1.22,,,,,,
361,1962,1962,2,10,1.66,,,,,,
361,1962,1962,2,11,1.19,,,,,,
361,1962,1962,2,13,0.17,,,,,,
361,1962,1962,2,14,0.40,,,,,,
361,1962,1962,2,15,0.26,,,,,,
361,1962,1962,2,18,0.66,,,,,,
361,1962,1962,2,19,0.34,,,,,,
361,1962,1962,2,20,0.64,,,,,,
361,1962,1962,2,24,0.05,,,,,,
361,1962,1962,2,25,0.10,,,,,,
361,1962,1962,2,26,0.14,,,,,,
361,1962,1962,3,2,0.11,,,,,,
361,1962,1962,3,5,0.81,,,,,,
361,1962,1962,3,6,0.04,,,,,,
361,1962,1962,3,10,0.05,,,,,,
361,1962,1962,3,14,0.03,,,,,,
361,1962,1962,3,15,0.03,,,,,,
361,1962,1962,3,18,0.10,,,,,,
361,1962,1962,3,19,0.10,,,,,,
361,1962,1962,3,20,0.05,,,,,,
361,1962,1962,3,22,0.13,,,,,,
361,1962,1962,3,23,0.02,,,,,,
361,1962,1962,4,28,0.06,,,,,,
361,1962,1962,5,12,0.04,,,,,,
361,1962,1962,5,16,0.03,,,,,,
361,1962,1962,5,27,0.05,,,,,,
361,1963,1962,10,13,0.13,,,,,,
361,1963,1962,10,14,0.20,,,,,,
361,1963,1962,12,15,0.03,,,,,,
361,1963,1962,12,16,0.73,,,,,,
361,1963,1963,1,29,0.05,,,,,,
361,1963,1963,1,31,0.60,,,,,,
361,1963,1963,2,1,0.47,,,,,,
361,1963,1963,2,9,2.03,,,,,,
361,1963,1963,2,10,0.37,,,,,,
361,1963,1963,2,11,0.02,,,,,,
361,1963,1963,2,12,0.27,,,,,,
361,1963,1963,2,13,0.19,,,,,,
361,1963,1963,3,9,0.09,,,,,,
361,1963,1963,3,14,0.14,,,,,,
361,1963,1963,3,15,0.05,,,,,,
361,1963,1963,3,16,1.18,,,,,,
361,1963,1963,3,22,0.18,,,,,,
361,1963,1963,3,23,0.06,,,,,,
361,1963,1963,3,27,0.42,,,,,,
361,1963,1963,3,28,0.87,,,,,,
361,1963,1963,4,7,0.27,,,,,,
361,1963,1963,4,9,0.14,,,,,,
361,1963,1963,4,13,0.02,,,,,,
361,1963,1963,4,14,0.63,,,,,,
361,1963,1963,4,16,0.15,,,,,,
361,1963,1963,4,17,0.05,,,,,,
361,1963,1963,4,18,0.03,,,,,,
361,1963,1963,4,19,0.15,,,,,,
361,1963,1963,4,20,0.22,,,,,,
361,1963,1963,4,21,0.08,,,,,,
361,1963,1963,4,25,0.51,,,,,,
361,1963,1963,4,26,0.18,,,,,,
361,1963,1963,5,9,0.15,,,,,,
361,1963,1963,6,6,0.02,,,,,,
361,1963,1963,8,8,0.04,,,,,,
361,1964,1963,9,4,0.26,,,,,,
361,1964,1963,9,18,0.04,,,,,,
361,1964,1963,9,19,0.30,,,,,,
361,1964,1963,10,11,0.28,,,,,,
361,1964,1963,10,15,0.28,,,,,,
361,1964,1963,10,16,0.19,,,,,,
361,1964,1963,11,2,0.05,,,,,,
361,1964,1963,11,5,0.29,,,,,,
361,1964,1963,11,6,0.18,,,,,,
361,1964,1963,11,14,0.06,,,,,,
361,1964,1963,11,15,0.14,,,,,,
361,1964,1963,11,19,0.91,,,,,,
361,1964,1963,11,20,0.09,,,,,,
361,1964,1963,11,23,0.05,,,,,,
361,1964,1963,12,8,0.06,,,,,,
361,1964,1963,12,9,0.08,,,,,,
361,1964,1964,1,18,0.23,,,,,,
361,1964,1964,1,19,0.01,,,,,,
361,1964,1964,1,20,0.44,,,,,,
361,1964,1964,1,21,0.39,,,,,,
361,1964,1964,1,22,0.06,,,,,,
361,1964,1964,1,23,0.04,,,,,,
361,1964,1964,2,16,0.02,,,,,,
361,1964,1964,2,28,0.08,,,,,,
361,1964,1964,2,29,0.05,,,,,,
361,1964,1964,3,1,0.11,,,,,,
361,1964,1964,3,2,0.03,,,,,,
361,1964,1964,3,12,0.19,,,,,,
361,1964,1964,3,22,0.61,,,,,,
361,1964,1964,3,23,0.02,,,,,,
361,1964,1964,3,24,0.14,,,,,,
361,1964,1964,3,31,0.64,,,,,,
361,1964,1964,4,1,0.08,,,,,,
361,1964,1964,4,28,0.08,,,,,,
361,1964,1964,5,6,0.11,,,,,,
361,1964,1964,5,16,0.02,,,,,,
361,1964,1964,6,15,0.02,,,,,,
361,1964,1964,7,27,0.06,,,,,,
361,1964,1964,8,31,0.05,,,,,,
361,1965,1964,10,27,0.39,,,,,,
361,1965,1964,10,28,1.58,,,,,,
361,1965,1964,10,29,0.17,,,,,,
361,1965,1964,11,1,0.12,,,,,,
361,1965,1964,11,7,0.04,,,,,,
361,1965,1964,11,8,0.10,,,,,,
361,1965,1964,11,9,0.16,,,,,,
361,1965,1964,11,10,0.68,,,,,,
361,1965,1964,11,11,0.46,,,,,,
361,1965,1964,11,12,0.05,,,,,,
361,1965,1964,12,18,0.01,,,,,,
361,1965,1964,12,19,0.21,,,,,,
361,1965,1964,12,20,0.03,,,,,,
361,1965,1964,12,22,0.03,,,,,,
361,1965,1964,12,23,0.27,,,,,,
361,1965,1964,12,24,0.08,,,,,,
361,1965,1964,12,26,0.05,,,,,,
361,1965,1964,12,27,0.17,,,,,,
361,1965,1964,12,28,0.09,,,,,,
361,1965,1964,12,29,0.13,,,,,,
361,1965,1964,12,30,0.18,,,,,,
361,1965,1964,12,31,0.07,,,,,,
361,1965,1965,1,3,0.04,,,,,,
361,1965,1965,1,4,0.13,,,,,,
361,1965,1965,1,5,0.05,,,,,,
361,1965,1965,1,6,0.02,,,,,,
361,1965,1965,1,7,0.05,,,,,,
361,1965,1965,1,23,0.10,,,,,,
361,1965,1965,1,24,0.03,,,,,,
361,1965,1965,2,5,0.34,,,,,,
361,1965,1965,2,6,0.12,,,,,,
361,1965,1965,3,4,0.30,,,,,,
361,1965,1965,3,6,0.64,,,,,,
361,1965,1965,3,12,0.16,,,,,,
361,1965,1965,3,13,0.22,,,,,,
361,1965,1965,3,31,0.75,,,,,,
361,1965,1965,4,1,0.02,,,,,,
361,1965,1965,4,2,0.35,,,,,,
361,1965,1965,4,3,0.01,,,,,,
361,1965,1965,4,4,0.17,,,,,,
361,1965,1965,4,5,0.05,,,,,,
361,1965,1965,4,6,0.22,,,,,,
361,1965,1965,4,7,0.08,,,,,,
361,1965,1965,4,8,1.05,,,,,,
361,1965,1965,4,9,0.15,,,,,,
361,1965,1965,4,10,0.45,,,,,,
361,1965,1965,4,12,0.20,,,,,,
361,1965,1965,4,13,0.03,,,,,,
361,1966,1965,11,7,2.03,,,,,,
361,1966,1965,11,8,0.51,,,,,,
361,1966,1965,11,16,0.06,,,,,,
361,1966,1965,11,20,0.55,,,,,,
361,1966,1965,11,21,0.12,,,,,,
361,1966,1965,11,22,0.85,,,,,,
361,1966,1965,11,28,0.62,,,,,,
361,1966,1965,12,2,0.17,,,,,,
361,1966,1965,12,3,1.10,,,,,,
361,1966,1965,12,5,0.34,,,,,,
361,1966,1965,12,6,0.54,,,,,,
361,1966,1966,1,26,0.10,,,,,,
361,1966,1966,1,29,0.60,,,,,,
361,1966,1966,1,30,0.30,,,,,,
361,1966,1966,2,1,0.34,,,,,,
361,1966,1966,2,4,0.26,,,,,,
361,1966,1966,2,5,0.30,,,,,,
361,1966,1966,2,6,0.22,,,,,,
361,1966,1966,2,7,0.26,,,,,,
361,1966,1966,2,10,0.09,,,,,,
361,1966,1966,2,26,0.01,,,,,,
361,1966,1966,3,1,0.10,,,,,,
361,1966,1966,3,2,0.11,,,,,,
361,1966,1966,4,9,0.02,,,,,,
361,1966,1966,4,10,0.01,,,,,,
361,1966,1966,7,30,0.02,,,,,,
361,1967,1966,9,29,0.08,,,,,,
361,1967,1966,11,6,0.05,,,,,,
361,1967,1966,11,7,1.07,,,,,,
361,1967,1966,11,8,0.15,,,,,,
361,1967,1966,11,16,0.10,,,,,,
361,1967,1966,11,17,0.05,,,,,,
361,1967,1966,11,19,0.05,,,,,,
361,1967,1966,11,20,0.38,,,,,,
361,1967,1966,11,22,0.03,,,,,,
361,1967,1966,11,28,0.14,,,,,,
361,1967,1966,12,2,0.09,,,,,,
361,1967,1966,12,3,0.60,,,,,,
361,1967,1966,12,5,0.19,,,,,,
361,1967,1966,12,6,0.30,,,,,,
361,1967,1967,1,21,0.20,,,,,,
361,1967,1967,1,22,0.52,,,,,,
361,1967,1967,1,23,0.02,,,,,,
361,1967,1967,1,24,1.24,,,,,,
361,1967,1967,1,25,0.01,,,,,,
361,1967,1967,1,29,0.06,,,,,,
361,1967,1967,1,30,0.15,,,,,,
361,1967,1967,2,24,0.17,,,,,,
361,1967,1967,2,25,0.12,,,,,,
361,1967,1967,3,3,0.02,,,,,,
361,1967,1967,3,4,0.02,,,,,,
361,1967,1967,3,11,0.28,,,,,,
361,1967,1967,3,12,0.17,,,,,,
361,1967,1967,3,13,0.12,,,,,,
361,1967,1967,3,16,0.40,,,,,,
361,1967,1967,3,30,0.27,,,,,,
361,1967,1967,3,31,0.18,,,,,,
361,1967,1967,4,1,0.14,,,,,,
361,1967,1967,4,4,0.44,,,,,,
361,1967,1967,4,6,0.11,,,,,,
361,1967,1967,4,7,0.45,,,,,,
361,1967,1967,4,10,0.29,,,,,,
361,1967,1967,4,11,0.27,,,,,,
361,1967,1967,4,12,0.06,,,,,,
361,1967,1967,4,15,0.04,,,,,,
361,1967,1967,4,17,0.04,,,,,,
361,1967,1967,4,18,0.35,,,,,,
361,1967,1967,4,19,0.23,,,,,,
361,1967,1967,4,21,0.37,,,,,,
361,1967,1967,4,22,0.04,,,,,,
361,1967,1967,4,23,0.24,,,,,,
361,1967,1967,4,24,0.06,,,,,,
361,1967,1967,4,28,0.07,,,,,,
361,1967,1967,4,29,0.09,,,,,,
361,1967,1967,5,9,0.27,,,,,,
361,1967,1967,6,12,0.04,,,,,,
361,1967,1967,6,17,0.02,,,,,,
361,1969,1968,10,11,0.02,,,,,,
361,1969,1968,10,12,0.01,,,,,,
361,1969,1968,10,13,1.05,,,,,,
361,1969,1968,10,14,0.26,,,,,,
361,1969,1968,10,29,0.42,,,,,,
361,1969,1968,11,3,0.19,,,,,,
361,1969,1968,11,15,0.54,,,,,,
361,1969,1968,12,10,0.16,,,,,,
361,1969,1968,12,11,0.04,,,,,,
361,1969,1968,12,14,0.52,,,,,,
361,1969,1968,12,16,0.05,,,,,,
361,1969,1968,12,19,0.03,,,,,,
361,1969,1968,12,20,0.15,,,,,,
361,1969,1968,12,24,0.19,,,,,,
361,1969,1968,12,25,0.20,,,,,,
361,1969,1968,12,26,0.31,,,,,,
361,1969,1968,12,28,0.03,,,,,,
361,1969,1969,1,13,0.79,,,,,,
361,1969,1969,1,14,0.04,,,,,,
361,1969,1969,1,18,0.55,,,,,,
361,1969,1969,1,19,0.78,,,,,,
361,1969,1969,1,21,0.90,,,,,,
361,1969,1969,1,22,0.01,,,,,,
361,1969,1969,1,23,0.17,,,,,,
361,1969,1969,1,24,0.68,,,,,,
361,1969,1969,1,25,0.50,,,,,,
361,1969,1969,1,26,0.44,,,,,,
361,1969,1969,1,27,0.05,,,,,,
361,1969,1969,1,28,0.24,,,,,,
361,1969,1969,1,29,0.02,,,,,,
361,1969,1969,2,5,0.73,,,,,,
361,1969,1969,2,6,0.24,,,,,,
361,1969,1969,2,11,0.15,,,,,,
361,1969,1969,2,12,0.30,,,,,,
361,1969,1969,2,14,0.05,,,,,,
361,1969,1969,2,15,0.43,,,,,,
361,1969,1969,2,17,0.20,,,,,,
361,1969,1969,2,18,0.26,,,,,,
361,1969,1969,2,19,0.22,,,,,,
361,1969,1969,2,21,0.37,,,,,,
361,1969,1969,2,22,0.19,,,,,,
361,1969,1969,2,23,0.55,,,,,,
361,1969,1969,2,24,1.42,,,,,,
361,1969,1969,2,25,0.19,,,,,,
361,1969,1969,2,26,0.10,,,,,,
361,1969,1969,2,28,0.11,,,,,,
361,1969,1969,3,1,0.04,,,,,,
361,1969,1969,3,9,0.13,,,,,,
361,1969,1969,3,10,0.26,,,,,,
361,1969,1969,3,12,0.14,,,,,,
361,1969,1969,3,13,0.02,,,,,,
361,1969,1969,3,20,0.08,,,,,,
361,1969,1969,3,21,0.23,,,,,,
361,1969,1969,4,2,0.52,,,,,,
361,1969,1969,4,5,0.84,,,,,,
361,1969,1969,4,6,0.06,,,,,,
361,1969,1969,5,3,0.08,,,,,,
361,1969,1969,5,4,0.01,,,,,,
361,1970,1969,9,15,0.10,,,,,,
361,1970,1969,10,15,0.01,,,,,,
361,1970,1969,10,16,0.24,,,,,,
361,1970,1969,11,5,0.36,,,,,,
361,1970,1969,11,6,0.44,,,,,,
361,1970,1969,11,7,0.10,,,,,,
361,1970,1969,12,8,0.20,,,,,,
361,1970,1969,12,19,0.14,,,,,,
361,1970,1969,12,20,0.01,,,,,,
361,1970,1969,12,21,0.02,,,,,,
361,1970,1969,12,25,0.13,,,,,,
361,1970,1970,1,9,0.74,,,,,,
361,1970,1970,1,11,0.14,,,,,,
361,1970,1970,1,14,0.02,,,,,,
361,1970,1970,1,15,0.43,,,,,,
361,1970,1970,1,16,0.28,,,,,,
361,1970,1970,1,19,0.05,,,,,,
361,1970,1970,2,9,0.02,,,,,,
361,1970,1970,2,10,0.17,,,,,,
361,1970,1970,2,11,0.01,,,,,,
361,1970,1970,2,13,0.03,,,,,,
361,1970,1970,2,16,0.03,,,,,,
361,1970,1970,2,17,0.04,,,,,,
361,1970,1970,2,27,0.11,,,,,,
361,1970,1970,2,28,1.53,,,,,,
361,1970,1970,3,1,0.46,,,,,,
361,1970,1970,3,2,0.35,,,,,,
361,1970,1970,3,5,0.61,,,,,,
361,1970,1970,3,11,0.04,,,,,,
361,1970,1970,4,14,0.02,,,,,,
361,1971,1970,10,20,0.07,,,,,,
361,1971,1970,11,4,0.30,,,,,,
361,1971,1970,11,25,0.88,,,,,,
361,1971,1970,11,26,0.05,,,,,,
361,1971,1970,11,28,0.27,,,,,,
361,1971,1970,11,29,0.45,,,,,,
361,1971,1970,12,2,0.20,,,,,,
361,1971,1970,12,16,0.39,,,,,,
361,1971,1970,12,17,0.24,,,,,,
361,1971,1970,12,18,0.60,,,,,,
361,1971,1970,12,19,0.07,,,,,,
361,1971,1970,12,20,0.57,,,,,,
361,1971,1970,12,21,0.73,,,,,,
361,1971,1970,12,22,0.04,,,,,,
361,1971,1970,12,26,0.04,,,,,,
361,1971,1971,1,1,0.20,,,,,,
361,1971,1971,1,2,0.30,,,,,,
361,1971,1971,1,11,0.01,,,,,,
361,1971,1971,1,12,0.29,,,,,,
361,1971,1971,1,13,0.21,,,,,,
361,1971,1971,2,16,0.05,,,,,,
361,1971,1971,2,17,0.05,,,,,,
361,1971,1971,2,19,0.03,,,,,,
361,1971,1971,3,12,0.27,,,,,,
361,1971,1971,3,13,0.02,,,,,,
361,1971,1971,4,13,0.42,,,,,,
361,1971,1971,4,14,0.42,,,,,,
361,1971,1971,4,17,0.05,,,,,,
361,1971,1971,5,2,0.09,,,,,,
361,1971,1971,5,7,0.03,,,,,,
361,1971,1971,5,28,0.66,,,,,,
361,1972,1971,10,16,0.04,,,,,,
361,1972,1971,10,17,0.06,,,,,,
361,1972,1971,11,11,0.22,,,,,,
361,1972,1971,11,12,0.18,,,,,,
361,1972,1971,11,28,0.10,,,,,,
361,1972,1971,11,29,0.23,,,,,,
361,1972,1971,12,12,0.14,,,,,,
361,1972,1971,12,21,0.25,,,,,,
361,1972,1971,12,22,0.53,,,,,,
361,1972,1971,12,23,0.04,,,,,,
361,1972,1971,12,24,0.11,,,,,,
361,1972,1971,12,25,0.42,,,,,,
361,1972,1971,12,26,0.65,,,,,,
361,1972,1971,12,27,0.24,,,,,,
361,1972,1971,12,28,0.15,,,,,,
361,1972,1972,1,26,0.10,,,,,,
361,1972,1972,2,4,0.17,,,,,,
361,1972,1972,2,5,0.03,,,,,,
361,1972,1972,2,22,0.12,,,,,,
361,1972,1972,4,11,0.10,,,,,,
361,1973,1972,10,12,0.83,,,,,,
361,1973,1972,10,15,0.05,,,,,,
361,1973,1972,11,4,0.35,,,,,,
361,1973,1972,11,10,0.23,,,,,,
361,1973,1972,11,11,0.10,,,,,,
361,1973,1972,11,13,0.10,,,,,,
361,1973,1972,11,14,0.96,,,,,,
361,1973,1972,11,15,0.64,,,,,,
361,1973,1972,11,16,0.50,,,,,,
361,1973,1972,12,4,0.45,,,,,,
361,1973,1972,12,6,0.35,,,,,,
361,1973,1972,12,7,0.11,,,,,,
361,1973,1972,12,8,0.17,,,,,,
361,1973,1973,1,3,0.05,,,,,,
361,1973,1973,1,8,0.44,,,,,,
361,1973,1973,1,9,0.15,,,,,,
361,1973,1973,1,16,0.77,,,,,,
361,1973,1973,1,19,2.15,,,,,,
361,1973,1973,1,25,0.08,,,,,,
361,1973,1973,1,29,0.15,,,,,,
361,1973,1973,1,30,0.40,,,,,,
361,1973,1973,2,3,0.52,,,,,,
361,1973,1973,2,4,0.04,,,,,,
361,1973,1973,2,5,0.10,,,,,,
361,1973,1973,2,6,0.24,,,,,,
361,1973,1973,2,7,0.28,,,,,,
361,1973,1973,2,10,1.02,,,,,,
361,1973,1973,2,11,0.85,,,,,,
361,1973,1973,2,12,0.32,,,,,,
361,1973,1973,2,13,0.03,,,,,,
361,1973,1973,2,14,0.05,,,,,,
361,1973,1973,2,15,0.03,,,,,,
361,1973,1973,2,23,0.04,,,,,,
361,1973,1973,2,24,0.26,,,,,,
361,1973,1973,2,27,0.55,,,,,,
361,1973,1973,2,28,0.19,,,,,,
361,1973,1973,3,3,0.05,,,,,,
361,1973,1973,3,4,0.12,,,,,,
361,1973,1973,3,6,0.13,,,,,,
361,1973,1973,3,8,0.18,,,,,,
361,1973,1973,3,10,0.02,,,,,,
361,1973,1973,3,11,0.42,,,,,,
361,1973,1973,3,19,0.83,,,,,,
361,1973,1973,3,20,0.38,,,,,,
361,1973,1973,3,21,0.29,,,,,,
361,1973,1973,3,22,0.02,,,,,,
361,1973,1973,5,14,0.01,,,,,,
361,1974,1973,10,7,0.19,,,,,,
361,1974,1973,10,8,0.01,,,,,,
361,1974,1973,10,23,0.10,,,,,,
361,1974,1973,11,12,0.50,,,,,,
361,1974,1973,11,14,0.08,,,,,,
361,1974,1973,11,16,0.10,,,,,,
361,1974,1973,11,18,0.50,,,,,,
361,1974,1973,11,22,0.53,,,,,,
361,1974,1973,11,30,0.23,,,,,,
361,1974,1973,12,1,0.72,,,,,,
361,1974,1973,12,21,0.36,,,,,,
361,1974,1973,12,27,0.16,,,,,,
361,1974,1973,12,31,0.08,,,,,,
361,1974,1974,1,1,0.15,,,,,,
361,1974,1974,1,4,1.36,,,,,,
361,1974,1974,1,5,0.10,,,,,,
361,1974,1974,1,6,0.22,,,,,,
361,1974,1974,1,7,1.35,,,,,,
361,1974,1974,1,11,0.17,,,,,,
361,1974,1974,1,12,0.17,,,,,,
361,1974,1974,1,17,0.80,,,,,,
361,1974,1974,1,20,0.05,,,,,,
361,1974,1974,2,19,0.15,,,,,,
361,1974,1974,3,1,0.80,,,,,,
361,1974,1974,3,2,0.05,,,,,,
361,1974,1974,3,3,0.15,,,,,,
361,1974,1974,3,7,0.40,,,,,,
361,1974,1974,3,8,0.05,,,,,,
361,1974,1974,3,25,0.20,,,,,,
361,1974,1974,3,26,0.48,,,,,,
361,1974,1974,3,27,0.02,,,,,,
361,1974,1974,3,28,0.21,,,,,,
361,1974,1974,3,30,0.65,,,,,,
361,1974,1974,4,1,0.45,,,,,,
361,1974,1974,4,2,0.03,,,,,,
361,1974,1974,4,9,0.14,,,,,,
361,1974,1974,4,23,0.05,,,,,,
361,1974,1974,4,24,0.05,,,,,,
361,1975,1974,10,27,0.03,,,,,,
361,1975,1974,10,28,0.62,,,,,,
361,1975,1974,10,29,0.10,,,,,,
361,1975,1974,10,31,0.05,,,,,,
361,1975,1974,11,21,0.15,,,,,,
361,1975,1974,12,4,3.21,,,,,,
361,1975,1974,12,28,0.78,,,,,,
361,1975,1974,12,29,0.28,,,,,,
361,1975,1974,12,31,0.15,,,,,,
361,1975,1975,1,6,0.02,,,,,,
361,1975,1975,1,8,0.10,,,,,,
361,1975,1975,1,31,0.05,,,,,,
361,1975,1975,2,1,0.10,,,,,,
361,1975,1975,2,2,1.30,,,,,,
361,1975,1975,2,3,0.24,,,,,,
361,1975,1975,2,4,0.33,,,,,,
361,1975,1975,2,8,0.01,,,,,,
361,1975,1975,2,9,0.14,,,,,,
361,1975,1975,2,10,0.05,,,,,,
361,1975,1975,2,13,0.05,,,,,,
361,1975,1975,3,5,0.22,,,,,,
361,1975,1975,3,6,0.19,,,,,,
361,1975,1975,3,7,1.62,,,,,,
361,1975,1975,3,8,0.16,,,,,,
361,1975,1975,3,10,0.19,,,,,,
361,1975,1975,3,11,0.15,,,,,,
361,1975,1975,3,14,0.28,,,,,,
361,1975,1975,3,16,0.06,,,,,,
361,1975,1975,3,22,0.10,,,,,,
361,1975,1975,3,25,0.08,,,,,,
361,1975,1975,4,6,0.23,,,,,,
361,1975,1975,4,8,0.15,,,,,,
361,1975,1975,4,15,0.04,,,,,,
361,1975,1975,4,16,0.27,,,,,,
361,1975,1975,4,24,0.03,,,,,,
361,1975,1975,4,25,0.01,,,,,,
361,1976,1975,10,7,0.17,,,,,,
361,1976,1975,10,10,0.18,,,,,,
361,1976,1975,10,11,0.12,,,,,,
361,1976,1975,10,26,0.05,,,,,,
361,1976,1975,10,30,0.20,,,,,,
361,1976,1975,11,26,0.01,,,,,,
361,1976,1975,11,28,0.13,,,,,,
361,1976,1975,12,12,0.18,,,,,,
361,1976,1976,2,4,0.08,,,,,,
361,1976,1976,2,5,0.22,,,,,,
361,1976,1976,2,6,0.15,,,,,,
361,1976,1976,2,7,0.13,,,,,,
361,1976,1976,2,8,1.55,,,,,,
361,1976,1976,2,9,0.76,,,,,,
361,1976,1976,2,10,0.07,,,,,,
361,1976,1976,2,14,0.15,,,,,,
361,1976,1976,2,19,0.05,,,,,,
361,1976,1976,2,23,0.04,,,,,,
361,1976,1976,2,29,0.29,,,,,,
361,1976,1976,3,1,0.08,,,,,,
361,1976,1976,3,2,0.66,,,,,,
361,1976,1976,3,3,0.09,,,,,,
361,1976,1976,4,3,0.03,,,,,,
361,1976,1976,4,7,0.02,,,,,,
361,1976,1976,4,8,0.30,,,,,,
361,1976,1976,4,10,0.06,,,,,,
361,1976,1976,4,12,0.53,,,,,,
361,1976,1976,4,13,0.11,,,,,,
361,1976,1976,4,15,0.03,,,,,,
361,1976,1976,6,10,0.38,,,,,,
361,1976,1976,8,18,0.05,,,,,,
361,1976,1976,8,19,0.47,,,,,,
361,1977,1976,9,10,0.69,,,,,,
361,1977,1976,9,11,0.18,,,,,,
361,1977,1976,9,28,1.09,,,,,,
361,1977,1976,9,29,0.03,,,,,,
361,1977,1976,10,1,0.02,,,,,,
361,1977,1976,11,11,0.09,,,,,,
361,1977,1976,11,14,0.05,,,,,,
361,1977,1976,12,30,0.35,,,,,,
361,1977,1976,12,31,0.32,,,,,,
361,1977,1977,1,2,0.42,,,,,,
361,1977,1977,1,5,0.30,,,,,,
361,1977,1977,1,6,0.52,,,,,,
361,1977,1977,1,7,0.03,,,,,,
361,1977,1977,2,23,0.11,,,,,,
361,1977,1977,3,16,1.05,,,,,,
361,1977,1977,3,24,0.43,,,,,,
361,1977,1977,3,25,0.06,,,,,,
361,1977,1977,3,30,0.10,,,,,,
361,1977,1977,5,8,1.67,,,,,,
361,1977,1977,5,9,0.06,,,,,,
361,1977,1977,5,12,0.18,,,,,,
361,1978,1977,12,15,0.05,,,,,,
361,1978,1977,12,16,0.05,,,,,,
361,1978,1977,12,17,0.25,,,,,,
361,1978,1977,12,18,0.10,,,,,,
361,1978,1977,12,23,0.85,,,,,,
361,1978,1977,12,26,0.05,,,,,,
361,1978,1977,12,27,0.60,,,,,,
361,1978,1977,12,28,0.17,,,,,,
361,1978,1978,1,2,0.38,,,,,,
361,1978,1978,1,5,1.39,,,,,,
361,1978,1978,1,6,0.05,,,,,,
361,1978,1978,1,9,0.53,,,,,,
361,1978,1978,1,10,0.21,,,,,,
361,1978,1978,1,14,0.79,,,,,,
361,1978,1978,1,15,0.01,,,,,,
361,1978,1978,1,16,0.75,,,,,,
361,1978,1978,1,18,0.08,,,,,,
361,1978,1978,1,19,0.67,,,,,,
361,1978,1978,2,5,0.10,,,,,,
361,1978,1978,2,6,0.02,,,,,,
361,1978,1978,2,7,0.53,,,,,,
361,1978,1978,2,8,1.27,,,,,,
361,1978,1978,2,9,1.32,,,,,,
361,1978,1978,2,10,0.75,,,,,,
361,1978,1978,2,11,0.32,,,,,,
361,1978,1978,2,12,0.95,,,,,,
361,1978,1978,2,13,0.10,,,,,,
361,1978,1978,2,27,0.03,,,,,,
361,1978,1978,2,28,0.62,,,,,,
361,1978,1978,3,1,0.01,,,,,,
361,1978,1978,3,2,0.15,,,,,,
361,1978,1978,3,3,0.32,,,,,,
361,1978,1978,3,4,1.35,,,,,,
361,1978,1978,3,5,0.10,,,,,,
361,1978,1978,3,8,0.10,,,,,,
361,1978,1978,3,9,1.14,,,,,,
361,1978,1978,3,10,0.14,,,,,,
361,1978,1978,3,11,0.12,,,,,,
361,1978,1978,3,12,0.07,,,,,,
361,1978,1978,3,22,0.65,,,,,,
361,1978,1978,3,30,0.06,,,,,,
361,1978,1978,3,31,0.45,,,,,,
361,1978,1978,4,4,0.31,,,,,,
361,1978,1978,4,6,0.25,,,,,,
361,1978,1978,4,7,0.38,,,,,,
361,1978,1978,4,15,0.40,,,,,,
361,1978,1978,4,16,0.10,,,,,,
361,1978,1978,4,24,0.10,,,,,,
361,1978,1978,4,25,0.30,,,,,,
361,1978,1978,7,24,0.10,,,,,,
361,1982,1981,10,3,0.10,,,,,,
361,1982,1981,10,28,0.50,,,,,,
361,1982,1981,10,29,0.10,,,,,,
361,1982,1981,11,14,0.10,,,,,,
361,1982,1981,11,17,0.20,,,,,,
361,1982,1981,11,24,0.10,,,,,,
361,1982,1981,11,26,0.10,,,,,,
361,1982,1981,11,27,0.30,,,,,,
361,1982,1981,11,28,0.10,,,,,,
361,1982,1981,12,20,0.20,,,,,,
361,1982,1981,12,21,0.10,,,,,,
361,1982,1981,12,27,0.10,,,,,,
361,1982,1981,12,29,0.20,,,,,,
361,1982,1981,12,30,0.10,,,,,,
361,1982,1982,1,1,0.20,,,,,,
361,1982,1982,1,2,0.20,,,,,,
361,1982,1982,1,4,0.20,,,,,,
361,1982,1982,1,19,0.10,,,,,,
361,1982,1982,1,20,0.50,,,,,,
361,1982,1982,1,21,0.30,,,,,,
361,1982,1982,1,28,0.20,,,,,,
361,1982,1982,2,10,0.40,,,,,,
361,1982,1982,2,14,0.10,,,,,,
361,1982,1982,2,15,0.10,,,,,,
361,1982,1982,2,16,0.10,,,,,,
361,1982,1982,3,1,0.50,,,,,,
361,1982,1982,3,2,0.20,,,,,,
361,1982,1982,3,11,0.60,,,,,,
361,1982,1982,3,14,0.20,,,,,,
361,1982,1982,3,16,0.90,,,,,,
361,1982,1982,3,17,0.40,,,,,,
361,1982,1982,3,18,0.20,,,,,,
361,1982,1982,3,25,0.40,,,,,,
361,1982,1982,3,28,0.30,,,,,,
361,1982,1982,3,29,0.20,,,,,,
361,1982,1982,3,31,0.70,,,,,,
361,1982,1982,4,1,0.50,,,,,,
361,1982,1982,4,10,0.50,,,,,,
361,1982,1982,4,11,0.60,,,,,,
361,1982,1982,4,12,0.10,,,,,,
361,1982,1982,6,29,0.10,,,,,,
361,1983,1982,9,10,0.40,,,,,,
361,1983,1982,10,24,0.20,,,,,,
361,1983,1982,10,26,0.30,,,,,,
361,1983,1982,10,30,0.40,,,,,,
361,1983,1982,10,31,0.50,,,,,,
361,1983,1982,11,9,0.90,,,,,,
361,1983,1982,11,10,0.10,,,,,,
361,1983,1982,11,18,0.30,,,,,,
361,1983,1982,11,22,0.10,,,,,,
361,1983,1982,11,23,0.20,,,,,,
361,1983,1982,11,27,0.10,,,,,,
361,1983,1982,11,28,0.20,,,,,,
361,1983,1982,11,29,0.70,,,,,,
361,1983,1982,11,30,0.60,,,,,,
361,1983,1982,12,1,0.20,,,,,,
361,1983,1982,12,22,0.50,,,,,,
361,1983,1982,12,31,0.10,,,,,,
361,1983,1983,1,19,1.14,,,,,,
361,1983,1983,1,21,0.03,,,,,,
361,1983,1983,1,23,2.20,,,,,,
361,1983,1983,1,24,0.51,,,,,,
361,1983,1983,1,27,2.72,,,,,,
361,1983,1983,1,29,1.50,,,,,,
361,1983,1983,2,3,0.30,,,,,,
361,1983,1983,2,5,1.00,,,,,,
361,1983,1983,2,6,0.30,,,,,,
361,1983,1983,2,7,0.70,,,,,,
361,1983,1983,2,8,0.20,,,,,,
361,1983,1983,2,12,0.80,,,,,,
361,1983,1983,2,18,0.10,,,,,,
361,1983,1983,2,23,0.30,,,,,,
361,1983,1983,2,25,1.10,,,,,,
361,1983,1983,2,26,0.30,,,,,,
361,1983,1983,2,27,1.00,,,,,,
361,1983,1983,2,28,0.60,,,,,,
361,1983,1983,3,1,1.50,,,,,,
361,1983,1983,3,2,0.50,,,,,,
361,1983,1983,3,3,0.20,,,,,,
361,1983,1983,3,4,0.10,,,,,,
361,1983,1983,3,7,0.10,,,,,,
361,1983,1983,3,13,0.20,,,,,,
361,1983,1983,3,16,0.60,,,,,,
361,1983,1983,3,17,0.20,,,,,,
361,1983,1983,3,18,0.10,,,,,,
361,1983,1983,3,20,0.60,,,,,,
361,1983,1983,3,21,0.10,,,,,,
361,1983,1983,3,22,0.30,,,,,,
361,1983,1983,3,23,0.50,,,,,,
361,1983,1983,3,24,0.30,,,,,,
361,1983,1983,4,11,0.10,,,,,,
361,1983,1983,4,12,0.10,,,,,,
361,1983,1983,4,17,0.50,,,,,,
361,1983,1983,4,18,0.20,,,,,,
361,1983,1983,4,19,0.30,,,,,,
361,1983,1983,4,20,0.10,,,,,,
361,1983,1983,4,23,0.20,,,,,,
361,1983,1983,4,28,0.10,,,,,,
361,1983,1983,4,29,0.30,,,,,,
361,1983,1983,4,30,0.20,,,,,,
361,1983,1983,5,1,0.10,,,,,,
361,1983,1983,5,28,0.10,,,,,,
361,1983,1983,8,31,0.10,,,,,,
361,1984,1983,9,30,1.20,,,,,,
361,1984,1983,10,1,0.10,,,,,,
361,1984,1983,10,30,0.30,,,,,,
361,1984,1983,11,10,0.10,,,,,,
361,1984,1983,11,11,0.20,,,,,,
361,1984,1983,11,12,0.10,,,,,,
361,1984,1983,11,13,0.10,,,,,,
361,1984,1983,11,14,0.10,,,,,,
361,1984,1983,11,17,0.10,,,,,,
361,1984,1983,11,19,0.10,,,,,,
361,1984,1983,11,20,0.30,,,,,,
361,1984,1983,11,21,0.20,,,,,,
361,1984,1983,11,24,0.70,,,,,,
361,1984,1983,11,30,0.10,,,,,,
361,1984,1983,12,3,0.40,,,,,,
361,1984,1983,12,9,0.30,,,,,,
361,1984,1983,12,11,0.10,,,,,,
361,1984,1983,12,17,0.10,,,,,,
361,1984,1983,12,24,0.90,,,,,,
361,1984,1983,12,25,0.20,,,,,,
361,1984,1983,12,26,0.30,,,,,,
361,1984,1984,1,16,0.10,,,,,,
361,1984,1984,2,1,0.10,,,,,,
361,1984,1984,2,9,0.10,,,,,,
361,1984,1984,2,13,0.10,,,,,,
361,1984,1984,2,16,0.10,,,,,,
361,1984,1984,3,13,0.30,,,,,,
361,1984,1984,3,31,0.10,,,,,,
361,1984,1984,4,5,0.10,,,,,,
361,1984,1984,4,6,0.30,,,,,,
361,1984,1984,4,18,0.10,,,,,,
361,1984,1984,4,19,0.10,,,,,,
361,1985,1984,10,11,0.20,,,,,,
361,1985,1984,10,16,0.10,,,,,,
361,1985,1984,11,8,0.20,,,,,,
361,1985,1984,11,12,0.50,,,,,,
361,1985,1984,11,16,0.70,,,,,,
361,1985,1984,11,23,0.10,,,,,,
361,1985,1984,11,24,0.60,,,,,,
361,1985,1984,11,28,0.10,,,,,,
361,1985,1984,12,2,0.20,,,,,,
361,1985,1984,12,5,0.10,,,,,,
361,1985,1984,12,7,0.40,,,,,,
361,1985,1984,12,10,0.50,,,,,,
361,1985,1984,12,15,0.40,,,,,,
361,1985,1984,12,16,0.10,,,,,,
361,1985,1984,12,18,0.70,,,,,,
361,1985,1984,12,19,0.60,,,,,,
361,1985,1984,12,28,0.10,,,,,,
361,1985,1985,1,6,0.20,,,,,,
361,1985,1985,1,7,0.20,,,,,,
361,1985,1985,1,9,0.10,,,,,,
361,1985,1985,1,28,0.20,,,,,,
361,1985,1985,2,2,0.10,,,,,,
361,1985,1985,2,4,0.10,,,,,,
361,1985,1985,2,8,0.50,,,,,,
361,1985,1985,2,9,0.10,,,,,,
361,1985,1985,3,5,0.10,,,,,,
361,1985,1985,3,6,0.20,,,,,,
361,1985,1985,3,7,0.20,,,,,,
361,1985,1985,3,10,0.10,,,,,,
361,1985,1985,3,18,0.30,,,,,,
361,1985,1985,3,27,0.10,,,,,,
361,1985,1985,3,28,0.10,,,,,,
361,1985,1985,4,18,0.10,,,,,,
,,,,,,GAP,,,,,
361,2015,2014,10,15,0.01,,,,,,
361,2015,2014,10,19,0.01,,,,,,
361,2015,2014,10,27,0.01,,,,,,
361,2015,2014,11,1,0.91,,,,,,
361,2015,2014,11,2,0.33,,,,,,
361,2015,2014,11,9,0.01,,,,,,
361,2015,2014,11,14,0.02,,,,,,
361,2015,2014,11,15,0.01,,,,,,
361,2015,2014,11,20,0.06,,,,,,
361,2015,2014,11,21,0.03,,,,,,
361,2015,2014,11,30,0.01,,,,,,
361,2015,2014,12,2,0.22,,,,,,
361,2015,2014,12,3,0.30,,,,,,
361,2015,2014,12,4,0.01,,,,,,
361,2015,2014,12,7,0.01,,,,,,
361,2015,2014,12,9,0.02,,,,,,
361,2015,2014,12,10,0.01,,,,,,
361,2015,2014,12,12,2.17,,,,,,
361,2015,2014,12,16,0.16,,,,,,
361,2015,2014,12,17,0.79,,,,,,
361,2015,2014,12,18,0.02,,,,,,
361,2015,2014,12,19,0.01,,,,,,
361,2015,2014,12,31,0.03,,,,,,
361,2015,2015,1,11,0.82,,,,,,
361,2015,2015,1,12,0.01,,,,,,
361,2015,2015,1,13,0.01,,,,,,
361,2015,2015,1,20,0.01,,,,,,
361,2015,2015,1,21,0.01,,,,,,
361,2015,2015,1,27,0.08,,,,,,
361,2015,2015,1,29,0.01,,,,,,
361,2015,2015,2,1,0.01,,,,,,
361,2015,2015,2,3,0.01,,,,,,
361,2015,2015,2,4,0.01,,,,,,
361,2015,2015,2,8,0.06,,,,,,
361,2015,2015,2,9,0.01,,,,,,
361,2015,2015,2,23,0.02,,,,,,
361,2015,2015,2,27,0.01,,,,,,
361,2015,2015,2,28,0.03,,,,,,
361,2015,2015,3,1,0.09,,,,,,
361,2015,2015,3,2,0.04,,,,,,
361,2015,2015,3,3,0.07,,,,,,
361,2015,2015,3,4,0.01,,,,,,
361,2015,2015,3,13,0.01,,,,,,
361,2015,2015,3,20,0.01,,,,,,
361,2015,2015,3,29,0.01,,,,,,
361,2015,2015,4,2,0.01,,,,,,
361,2015,2015,4,8,0.08,,,,,,
361,2015,2015,4,12,0.01,,,,,,
361,2015,2015,4,25,0.01,,,,,,
361,2015,2015,4,26,0.02,,,,,,
361,2015,2015,5,15,0.04,,,,,,
361,2015,2015,5,26,0.01,,,,,,
361,2015,2015,6,9,0.03,,,,,,
361,2015,2015,6,10,0.04,,,,,,
361,2015,2015,6,14,0.01,,,,,,
361,2015,2015,6,15,0.01,,,,,,
361,2015,2015,6,20,0.01,,,,,,
361,2015,2015,6,27,0.01,,,,,,
361,2015,2015,7,5,0.01,,,,,,
361,2015,2015,7,19,0.15,,,,,,
361,2015,2015,7,20,0.12,,,,,,
361,2015,2015,7,30,0.01,,,,,,
361,2015,2015,8,11,0.01,,,,,,
361,2015,2015,8,12,0.01,,,,,,
361,2015,2015,8,15,0.01,,,,,,
361,2016,2015,9,14,0.06,,,,,,
361,2016,2015,9,15,0.02,,,,,,
361,2016,2015,10,1,0.02,,,,,,
361,2016,2015,10,2,0.01,,,,,,
361,2016,2015,10,14,0.01,,,,,,
361,2016,2015,10,22,0.01,,,,,,
361,2016,2015,10,25,0.01,,,,,,
361,2016,2015,10,30,0.01,,,,,,
361,2016,2015,11,2,0.03,,,,,,
361,2016,2015,11,3,0.25,,,,,,
361,2016,2015,11,4,0.01,,,,,,
361,2016,2015,11,9,0.11,,,,,,
361,2016,2015,11,10,0.10,,,,,,
361,2016,2015,11,11,0.01,,,,,,
361,2016,2015,11,16,0.33,,,,,,
361,2016,2015,11,25,0.16,,,,,,
361,2016,2015,12,4,0.02,,,,,,
361,2016,2015,12,9,0.01,,,,,,
361,2016,2015,12,10,0.02,,,,,,
361,2016,2015,12,11,0.06,,,,,,
361,2016,2015,12,12,0.16,,,,,,
361,2016,2015,12,14,0.13,,,,,,
361,2016,2015,12,15,0.01,,,,,,
361,2016,2015,12,20,0.21,,,,,,
361,2016,2015,12,21,0.01,,,,,,
361,2016,2015,12,22,0.07,,,,,,
361,2016,2015,12,23,0.03,,,,,,
361,2016,2015,12,25,0.07,,,,,,
361,2016,2016,1,4,0.01,,,,,,
361,2016,2016,1,5,0.29,,,,,,
361,2016,2016,1,6,0.19,,,,,,
361,2016,2016,1,7,0.52,,,,,,
361,2016,2016,1,8,0.02,,,,,,
361,2016,2016,1,11,0.12,,,,,,
361,2016,2016,1,13,0.01,,,,,,
361,2016,2016,1,14,0.01,,,,,,
361,2016,2016,1,15,0.01,,,,,,
361,2016,2016,1,16,0.01,,,,,,
361,2016,2016,1,18,0.09,,,,,,
361,2016,2016,1,19,0.03,,,,,,
361,2016,2016,1,20,0.20,,,,,,
361,2016,2016,1,23,0.11,,,,,,
361,2016,2016,1,24,0.01,,,,,,
361,2016,2016,1,30,0.06,,,,,,
361,2016,2016,1,31,0.14,,,,,,
361,2016,2016,2,1,0.32,,,,,,
361,2016,2016,2,14,0.01,,,,,,
361,2016,2016,2,18,0.28,,,,,,
361,2016,2016,2,19,0.01,,,,,,
361,2016,2016,2,21,0.01,,,,,,
361,2016,2016,2,22,0.01,,,,,,
361,2016,2016,3,3,0.01,,,,,,
361,2016,2016,3,5,0.06,,,,,,
361,2016,2016,3,6,0.34,,,,,,
361,2016,2016,3,7,0.54,,,,,,
361,2016,2016,3,8,0.18,,,,,,
361,2016,2016,3,11,0.01,,,,,,
361,2016,2016,3,12,0.76,,,,,,
361,2016,2016,3,14,0.04,,,,,,
361,2016,2016,3,15,0.01,,,,,,
361,2016,2016,3,22,0.01,,,,,,
361,2016,2016,3,27,0.01,,,,,,
361,2016,2016,4,8,0.12,,,,,,
361,2016,2016,4,9,0.15,,,,,,
361,2016,2016,4,10,0.21,,,,,,
361,2016,2016,4,12,0.01,,,,,,
361,2016,2016,4,23,0.01,,,,,,
361,2016,2016,5,19,0.01,,,,,,
361,2016,2016,5,24,0.03,,,,,,
361,2016,2016,5,25,0.01,,,,,,
361,2016,2016,6,5,0.02,,,,,,
361,2016,2016,7,10,0.01,,,,,,
361,2016,2016,8,1,0.01,,,,,,
361,2016,2016,8,16,0.01,,,,,,
361,2016,2016,8,19,0.01,,,,,,
361,2017,2016,10,16,0.04,,,,,,
361,2017,2016,10,17,0.13,,,,,,
361,2017,2016,10,24,0.01,,,,,,
361,2017,2016,10,28,0.83,,,,,,
361,2017,2016,10,31,0.02,,,,,,
361,2017,2016,11,8,0.01,,,,,,
361,2017,2016,11,21,0.82,,,,,,
361,2017,2016,11,24,0.01,,,,,,
361,2017,2016,11,27,0.89,,,,,,
361,2017,2016,11,28,0.05,,,,,,
361,2017,2016,12,6,0.01,,,,,,
361,2017,2016,12,9,0.43,,,,,,
361,2017,2016,12,10,0.05,,,,,,
361,2017,2016,12,11,0.07,,,,,,
361,2017,2016,12,14,0.01,,,,,,
361,2017,2016,12,16,0.88,,,,,,
361,2017,2016,12,24,0.45,,,,,,
361,2017,2016,12,25,0.02,,,,,,
361,2017,2017,1,1,0.01,,,,,,
361,2017,2017,1,5,0.21,,,,,,
361,2017,2017,1,7,0.10,,,,,,
361,2017,2017,1,8,0.37,,,,,,
361,2017,2017,1,9,1.35,,,,,,
361,2017,2017,1,10,0.04,,,,,,
361,2017,2017,1,11,0.12,,,,,,
361,2017,2017,1,12,0.13,,,,,,
361,2017,2017,1,13,0.03,,,,,,
361,2017,2017,1,14,0.01,,,,,,
361,2017,2017,1,17,0.01,,,,,,
361,2017,2017,1,19,0.35,,,,,,
361,2017,2017,1,20,0.39,,,,,,
361,2017,2017,1,21,0.40,,,,,,
361,2017,2017,1,22,0.30,,,,,,
361,2017,2017,1,23,0.34,,,,,,
361,2017,2017,1,24,0.08,,,,,,
361,2017,2017,2,2,0.03,,,,,,
361,2017,2017,2,3,0.05,,,,,,
361,2017,2017,2,4,0.05,,,,,,
361,2017,2017,2,5,0.01,,,,,,
361,2017,2017,2,6,0.68,,,,,,
361,2017,2017,2,8,0.25,,,,,,
361,2017,2017,2,9,0.01,,,,,,
361,2017,2017,2,10,0.20,,,,,,
361,2017,2017,2,11,0.41,,,,,,
361,2017,2017,2,12,0.33,,,,,,
361,2017,2017,2,13,0.01,,,,,,
361,2017,2017,2,16,0.01,,,,,,
361,2017,2017,2,17,1.20,,,,,,
361,2017,2017,2,18,1.19,,,,,,
361,2017,2017,2,20,0.28,,,,,,
361,2017,2017,2,21,0.11,,,,,,
361,2017,2017,2,22,0.01,,,,,,
361,2017,2017,2,26,0.14,,,,,,
361,2017,2017,2,27,0.01,,,,,,
361,2017,2017,2,28,0.01,,,,,,
361,2017,2017,3,5,0.03,,,,,,
361,2017,2017,3,6,0.07,,,,,,
361,2017,2017,3,11,0.01,,,,,,
361,2017,2017,3,15,0.01,,,,,,
361,2017,2017,3,20,0.01,,,,,,
361,2017,2017,3,21,0.06,,,,,,
361,2017,2017,3,22,0.05,,,,,,
361,2017,2017,3,23,0.01,,,,,,
361,2017,2017,3,25,0.09,,,,,,
361,2017,2017,3,27,0.02,,,,,,
361,2017,2017,4,8,0.01,,,,,,
361,2017,2017,4,13,0.12,,,,,,
361,2017,2017,4,17,0.11,,,,,,
361,2017,2017,4,18,0.34,,,,,,
361,2017,2017,4,19,0.04,,,,,,
361,2017,2017,4,21,0.01,,,,,,
361,2017,2017,5,6,0.01,,,,,,
361,2017,2017,5,7,0.24,,,,,,
361,2017,2017,5,8,0.06,,,,,,
361,2017,2017,6,24,0.01,,,,,,
361,2017,2017,6,29,0.01,,,,,,
361,2017,2017,7,4,0.01,,,,,,
361,2017,2017,8,12,0.01,,,,,,
361,2017,2017,8,14,0.03,,,,,,
361,2018,2017,9,4,0.01,,,,,,
361,2018,2017,9,11,0.23,,,,,,
361,2018,2017,10,3,0.01,,,,,,
361,2018,2017,10,12,0.01,,,,,,
361,2018,2017,10,20,0.03,,,,,,
361,2018,2017,11,3,0.10,,,,,,
361,2018,2017,11,16,0.01,,,,,,
361,2018,2017,11,17,0.01,,,,,,
361,2018,2017,11,18,0.01,,,,,,
361,2018,2017,11,27,0.02,,,,,,
361,2018,2017,12,3,0.01,,,,,,
361,2018,2017,12,21,0.02,,,,,,
361,2018,2018,1,4,0.16,,,,,,
361,2018,2018,1,5,0.01,,,,,,
361,2018,2018,1,8,0.15,,,,,,
361,2018,2018,1,9,2.22,,,,,,
361,2018,2018,1,10,0.08,,,,,,
361,2018,2018,1,12,0.01,,,,,,
361,2018,2018,1,19,0.01,,,,,,
361,2018,2018,1,20,0.06,,,,,,
361,2018,2018,1,24,0.01,,,,,,
361,2018,2018,1,25,0.07,,,,,,
361,2018,2018,2,11,0.01,,,,,,
361,2018,2018,2,27,0.14,,,,,,
361,2018,2018,3,2,0.21,,,,,,
361,2018,2018,3,3,0.09,,,,,,
361,2018,2018,3,11,0.49,,,,,,
361,2018,2018,3,13,0.20,,,,,,
361,2018,2018,3,14,0.10,,,,,,
361,2018,2018,3,15,0.10,,,,,,
361,2018,2018,3,16,0.02,,,,,,
361,2018,2018,3,17,0.09,,,,,,
361,2018,2018,3,18,0.04,,,,,,
361,2018,2018,3,21,0.88,,,,,,
361,2018,2018,3,22,1.24,,,,,,
361,2018,2018,3,23,0.29,,,,,,
361,2018,2018,3,31,0.01,,,,,,
361,2018,2018,4,2,0.01,,,,,,
361,2018,2018,4,6,0.01,,,,,,
361,2018,2018,4,7,0.06,,,,,,
361,2018,2018,4,8,0.09,,,,,,
361,2018,2018,4,16,0.01,,,,,,
361,2018,2018,4,17,0.01,,,,,,
361,2018,2018,4,19,0.25,,,,,,
361,2018,2018,5,1,0.01,,,,,,
361,2018,2018,5,30,0.04,,,,,,
361,2018,2018,8,1,0.01,,,,,,
361,2018,2018,8,22,0.01,,,,,,
361,2019,2018,9,22,0.01,,,,,,
361,2019,2018,10,3,0.48,,,,,,
361,2019,2018,10,4,0.11,,,,,,
361,2019,2018,10,5,0.01,,,,,,
361,2019,2018,10,19,0.01,,,,,,
361,2019,2018,10,21,0.01,,,,,,
361,2019,2018,10,25,0.01,,,,,,
361,2019,2018,10,29,0.01,,,,,,
361,2019,2018,11,6,0.01,,,,,,
361,2019,2018,11,8,0.01,,,,,,
361,2019,2018,11,22,0.10,,,,,,
361,2019,2018,11,23,0.02,,,,,,
361,2019,2018,11,24,0.05,,,,,,
361,2019,2018,11,25,0.01,,,,,,
361,2019,2018,11,27,0.01,,,,,,
361,2019,2018,11,29,0.51,,,,,,
361,2019,2018,11,30,0.10,,,,,,
361,2019,2018,12,2,0.01,,,,,,
361,2019,2018,12,5,0.03,,,,,,
361,2019,2018,12,6,0.12,,,,,,
361,2019,2018,12,7,0.15,,,,,,
361,2019,2018,12,8,0.01,,,,,,
361,2019,2018,12,10,0.01,,,,,,
361,2019,2018,12,17,0.50,,,,,,
361,2019,2018,12,18,0.01,,,,,,
361,2019,2018,12,19,0.01,,,,,,
361,2019,2018,12,25,0.09,,,,,,
361,2019,2018,12,26,0.01,,,,,,
361,2019,2019,1,6,0.48,,,,,,
361,2019,2019,1,7,0.10,,,,,,
361,2019,2019,1,10,0.18,,,,,,
361,2019,2019,1,12,0.93,,,,,,
361,2019,2019,1,14,0.02,,,,,,
361,2019,2019,1,15,0.06,,,,,,
361,2019,2019,1,16,0.16,,,,,,
361,2019,2019,1,17,0.61,,,,,,
361,2019,2019,1,18,0.01,,,,,,
361,2019,2019,1,31,0.47,,,,,,
361,2019,2019,2,2,0.99,,,,,,
361,2019,2019,2,3,0.21,,,,,,
361,2019,2019,2,4,0.48,,,,,,
361,2019,2019,2,5,0.28,,,,,,
361,2019,2019,2,6,0.05,,,,,,
361,2019,2019,2,9,0.37,,,,,,
361,2019,2019,2,10,0.04,,,,,,
361,2019,2019,2,11,0.04,,,,,,
361,2019,2019,2,13,0.01,,,,,,
361,2019,2019,2,14,0.19,,,,,,
361,2019,2019,2,15,0.03,,,,,,
361,2019,2019,2,16,0.27,,,,,,
361,2019,2019,2,17,0.16,,,,,,
361,2019,2019,2,18,0.16,,,,,,
361,2019,2019,2,21,0.13,,,,,,
361,2019,2019,2,22,0.05,,,,,,
361,2019,2019,2,27,0.10,,,,,,
361,2019,2019,2,28,0.01,,,,,,
361,2019,2019,3,1,0.01,,,,,,
361,2019,2019,3,2,0.73,,,,,,
361,2019,2019,3,3,0.12,,,,,,
361,2019,2019,3,6,0.55,,,,,,
361,2019,2019,3,8,0.01,,,,,,
361,2019,2019,3,11,0.01,,,,,,
361,2019,2019,3,20,0.14,,,,,,
361,2019,2019,3,21,0.05,,,,,,
361,2019,2019,3,22,0.01,,,,,,
361,2019,2019,3,23,0.05,,,,,,
361,2019,2019,3,24,0.02,,,,,,
361,2019,2019,3,26,0.01,,,,,,
361,2019,2019,3,27,0.07,,,,,,
361,2019,2019,3,28,0.09,,,,,,
361,2019,2019,3,29,0.01,,,,,,
361,2019,2019,4,3,0.02,,,,,,
361,2019,2019,4,14,0.01,,,,,,
361,2019,2019,4,17,0.03,,,,,,
361,2019,2019,4,20,0.01,,,,,,
361,2019,2019,4,25,0.01,,,,,,
361,2019,2019,4,29,0.11,,,,,,
361,2019,2019,5,7,0.03,,,,,,
361,2019,2019,5,16,0.30,,,,,,
361,2019,2019,5,17,0.02,,,,,,
361,2019,2019,5,19,0.43,,,,,,
361,2019,2019,5,20,0.18,,,,,,
361,2019,2019,5,21,0.05,,,,,,
361,2019,2019,5,22,0.01,,,,,,
361,2019,2019,5,23,0.02,,,,,,
361,2019,2019,5,26,0.03,,,,,,
361,2019,2019,5,27,0.04,,,,,,
361,2019,2019,5,28,0.01,,,,,,
361,2019,2019,6,1,0.01,,,,,,
361,2019,2019,6,7,0.01,,,,,,
361,2019,2019,6,17,0.01,,,,,,
361,2019,2019,6,22,0.01,,,,,,
361,2019,2019,6,25,0.01,,,,,,
361,2019,2019,7,23,0.01,,,,,,
361,2019,2019,8,4,0.01,,,,,,
361,2019,2019,8,5,0.01,,,,,,
361,2019,2019,8,6,0.01,,,,,,
361,2019,2019,8,7,0.02,,,,,,
361,2019,2019,8,8,0.01,,,,,,
361,2019,2019,8,14,0.01,,,,,,
361,2019,2019,8,15,0.01,,,,,,
361,2019,2019,8,16,0.01,,,,,,
361,2019,2019,8,19,0.01,,,,,,
361,2019,2019,8,23,0.02,,,,,,
361,2019,2019,8,27,0.01,,,,,,
361,2020,2019,9,17,0.01,,,,,,
361,2020,2019,9,20,0.01,,,,,,
361,2020,2019,9,24,0.02,,,,,,
361,2020,2019,11,14,0.01,,,,,,
361,2020,2019,11,20,0.26,,,,,,
361,2020,2019,11,27,0.37,,,,,,
361,2020,2019,11,28,0.36,,,,,,
361,2020,2019,11,29,0.17,,,,,,
361,2020,2019,11,30,0.02,,,,,,
361,2020,2019,12,1,0.57,,,,,,
361,2020,2019,12,4,0.26,,,,,,
361,2020,2019,12,5,0.09,,,,,,
361,2020,2019,12,6,0.02,,,,,,
361,2020,2019,12,8,0.01,,,,,,
361,2020,2019,12,9,0.09,,,,,,
361,2020,2019,12,12,0.01,,,,,,
361,2020,2019,12,14,0.01,,,,,,
361,2020,2019,12,18,0.02,,,,,,
361,2020,2019,12,19,0.01,,,,,,
361,2020,2019,12,22,0.04,,,,,,
361,2020,2019,12,23,1.22,,,,,,
361,2020,2019,12,24,0.01,,,,,,
361,2020,2019,12,25,0.03,,,,,,
361,2020,2019,12,26,0.93,,,,,,
361,2020,2019,12,30,0.18,,,,,,
361,2020,2019,12,31,0.01,,,,,,
361,2020,2020,1,10,0.05,,,,,,
361,2020,2020,1,17,0.33,,,,,,
361,2020,2020,1,19,0.01,,,,,,
361,2020,2020,1,21,0.04,,,,,,
361,2020,2020,1,23,0.01,,,,,,
361,2020,2020,1,24,0.01,,,,,,
361,2020,2020,1,26,0.01,,,,,,
361,2020,2020,1,27,0.02,,,,,,
361,2020,2020,1,28,0.01,,,,,,
361,2020,2020,2,17,0.01,,,,,,
361,2020,2020,2,18,0.01,,,,,,
361,2020,2020,3,2,0.01,,,,,,
361,2020,2020,3,7,0.03,,,,,,
361,2020,2020,3,8,0.23,,,,,,
361,2020,2020,3,10,0.14,,,,,,
361,2020,2020,3,11,0.13,,,,,,
361,2020,2020,3,12,0.27,,,,,,
361,2020,2020,3,14,0.03,,,,,,
361,2020,2020,3,16,0.38,,,,,,
361,2020,2020,3,17,0.79,,,,,,
361,2020,2020,3,18,0.05,,,,,,
361,2020,2020,3,23,0.86,,,,,,
361,2020,2020,3,25,0.07,,,,,,
361,2020,2020,3,26,0.11,,,,,,
361,2020,2020,3,27,0.01,,,,,,
361,2020,2020,4,5,0.06,,,,,,
361,2020,2020,4,6,0.78,,,,,,
361,2020,2020,4,8,0.31,,,,,,
361,2020,2020,4,9,0.33,,,,,,
361,2020,2020,4,10,0.14,,,,,,
361,2020,2020,4,13,0.04,,,,,,
361,2020,2020,4,16,0.01,,,,,,
361,2020,2020,5,12,0.01,,,,,,
361,2020,2020,5,18,0.10,,,,,,
361,2020,2020,5,19,0.01,,,,,,
361,2020,2020,6,12,0.01,,,,,,
361,2020,2020,6,28,0.01,,,,,,
361,2020,2020,7,1,0.01,,,,,,
361,2020,2020,8,5,0.01,,,,,,
361,2020,2020,8,14,0.04,,,,,,
361,2021,2020,9,17,0.01,,,,,,
361,2021,2020,9,20,0.01,,,,,,
361,2021,2020,9,21,0.01,,,,,,
361,2021,2020,9,23,0.01,,,,,,
361,2021,2020,9,29,0.01,,,,,,
361,2021,2020,10,10,0.01,,,,,,
361,2021,2020,10,27,0.01,,,,,,
361,2021,2020,11,7,0.10,,,,,,
361,2021,2020,11,8,0.06,,,,,,
361,2021,2020,11,9,0.01,,,,,,
361,2021,2020,11,19,0.01,,,,,,
361,2021,2020,12,12,0.04,,,,,,
361,2021,2020,12,13,0.01,,,,,,
361,2021,2020,12,14,0.05,,,,,,
361,2021,2020,12,15,0.01,,,,,,
361,2021,2020,12,18,0.01,,,,,,
361,2021,2020,12,25,0.02,,,,,,
361,2021,2020,12,28,0.97,,,,,,
361,2021,2020,12,29,0.31,,,,,,
361,2021,2021,1,2,0.01,,,,,,
361,2021,2021,1,4,0.01,,,,,,
361,2021,2021,1,8,0.01,,,,,,
361,2021,2021,1,9,0.01,,,,,,
361,2021,2021,1,15,0.01,,,,,,
361,2021,2021,1,23,0.13,,,,,,
361,2021,2021,1,24,0.13,,,,,,
361,2021,2021,1,25,0.27,,,,,,
361,2021,2021,1,26,0.16,,,,,,
361,2021,2021,1,27,0.61,,,,,,
361,2021,2021,1,28,1.43,,,,,,
361,2021,2021,1,29,0.97,,,,,,
361,2021,2021,1,30,0.01,,,,,,
361,2021,2021,1,31,0.01,,,,,,
361,2021,2021,2,6,0.01,,,,,,
361,2021,2021,2,12,0.11,,,,,,
361,2021,2021,2,16,0.01,,,,,,
361,2021,2021,3,10,0.33,,,,,,
361,2021,2021,3,11,0.27,,,,,,
361,2021,2021,3,12,0.07,,,,,,
361,2021,2021,3,15,0.06,,,,,,
361,2021,2021,3,17,0.01,,,,,,
361,2021,2021,3,20,0.01,,,,,,
361,2021,2021,3,27,0.01,,,,,,
361,2021,2021,4,22,0.01,,,,,,
361,2021,2021,5,13,0.01,,,,,,
361,2021,2021,5,16,0.05,,,,,,
361,2021,2021,6,3,0.01,,,,,,
361,2021,2021,6,7,0.04,,,,,,
361,2021,2021,6,14,0.02,,,,,,
361,2021,2021,6,21,0.01,,,,,,
361,2021,2021,6,30,0.01,,,,,,
361,2021,2021,7,4,0.01,,,,,,
361,2021,2021,7,5,0.01,,,,,,
361,2021,2021,8,1,0.01,,,,,,
361,2021,2021,8,6,0.01,,,,,,
361,2021,2021,8,7,0.01,,,,,,
361,2021,2021,8,9,0.01,,,,,,
361,2021,2021,8,18,0.03,,,,,,
361,2021,2021,8,29,0.01,,,,,,
361,2021,2021,8,30,0.01,,,,,,
361,2022,2021,9,11,0.01,,,,,,
361,2022,2021,9,13,0.01,,,,,,
361,2022,2021,9,14,0.01,,,,,,
361,2022,2021,9,28,0.01,,,,,,
361,2022,2021,9,30,0.01,,,,,,
361,2022,2021,10,4,0.01,,,,,,
361,2022,2021,10,25,0.73,,,,,,
361,2022,2021,10,26,0.21,,,,,,
361,2022,2021,11,3,0.01,,,,,,
361,2022,2021,11,6,0.01,,,,,,
361,2022,2021,11,7,0.01,,,,,,
361,2022,2021,11,9,0.06,,,,,,
361,2022,2021,11,10,0.01,,,,,,
361,2022,2021,11,11,0.01,,,,,,
361,2022,2021,12,6,0.02,,,,,,
361,2022,2021,12,9,0.06,,,,,,
361,2022,2021,12,10,0.08,,,,,,
361,2022,2021,12,14,1.12,,,,,,
361,2022,2021,12,15,0.30,,,,,,
361,2022,2021,12,17,0.12,,,,,,
361,2022,2021,12,18,0.01,,,,,,
361,2022,2021,12,20,0.01,,,,,,
361,2022,2021,12,23,0.51,,,,,,
361,2022,2021,12,24,0.90,,,,,,
361,2022,2021,12,25,0.07,,,,,,
361,2022,2021,12,26,0.41,,,,,,
361,2022,2021,12,27,0.14,,,,,,
361,2022,2021,12,28,0.38,,,,,,
361,2022,2021,12,29,0.04,,,,,,
361,2022,2021,12,30,0.01,,,,,,
361,2022,2021,12,31,0.11,,,,,,
361,2022,2022,1,7,0.01,,,,,,
361,2022,2022,1,16,0.01,,,,,,
361,2022,2022,1,18,0.07,,,,,,
361,2022,2022,1,20,0.01,,,,,,
361,2022,2022,1,22,0.01,,,,,,
361,2022,2022,1,26,0.01,,,,,,
361,2022,2022,2,22,0.11,,,,,,
361,2022,2022,2,23,0.14,,,,,,
361,2022,2022,2,24,0.01,,,,,,
361,2022,2022,3,6,0.02,,,,,,
361,2022,2022,3,18,0.01,,,,,,
361,2022,2022,3,22,0.01,,,,,,
361,2022,2022,3,25,0.01,,,,,,
361,2022,2022,3,28,0.50,,,,,,
361,2022,2022,3,29,0.20,,,,,,
361,2022,2022,3,30,0.01,,,,,,
361,2022,2022,4,21,0.01,,,,,,
361,2022,2022,4,22,0.22,,,,,,
361,2022,2022,4,26,0.01,,,,,,
361,2022,2022,7,9,0.01,,,,,,
361,2022,2022,7,11,0.01,,,,,,
361,2022,2022,7,30,0.01,,,,,,
361,2022,2022,8,12,0.01,,,,,,
361,2022,2022,8,19,0.01,,,,,,
361,2022,2022,8,20,0.01,,,,,,
361,2022,2022,8,24,0.03,,,,,,
361,2022,2022,8,27,0.01,,,,,,
361,2022,2022,8,28,0.02,,,,,,
361,2023,2022,9,10,0.01,,,,,,
361,2023,2022,9,19,0.73,,,,,,
361,2023,2022,9,20,0.42,,,,,,
361,2023,2022,9,22,0.01,,,,,,
361,2023,2022,9,30,0.01,,,,,,
361,2023,2022,10,1,0.01,,,,,,
361,2023,2022,10,6,0.01,,,,,,
361,2023,2022,10,7,0.01,,,,,,
361,2023,2022,10,13,0.01,,,,,,
361,2023,2022,10,14,0.01,,,,,,
361,2023,2022,10,15,0.02,,,,,,
361,2023,2022,10,29,0.01,,,,,,
361,2023,2022,11,2,0.06,,,,,,
361,2023,2022,11,3,0.01,,,,,,
361,2023,2022,11,7,0.03,,,,,,
361,2023,2022,11,8,0.19,,,,,,
361,2023,2022,11,9,0.47,,,,,,
361,2023,2022,11,15,0.01,,,,,,
361,2023,2022,11,18,0.01,,,,,,
361,2023,2022,11,19,0.01,,,,,,
361,2023,2022,12,2,0.30,,,,,,
361,2023,2022,12,3,0.31,,,,,,
361,2023,2022,12,4,0.29,,,,,,
361,2023,2022,12,7,0.04,,,,,,
361,2023,2022,12,10,0.02,,,,,,
361,2023,2022,12,11,0.57,,,,,,
361,2023,2022,12,12,0.34,,,,,,
361,2023,2022,12,14,0.01,,,,,,
361,2023,2022,12,20,0.01,,,,,,
361,2023,2022,12,24,0.01,,,,,,
361,2023,2022,12,28,1.75,,,,,,
361,2023,2022,12,29,0.01,,,,,,
361,2023,2022,12,31,0.11,,,,,,
361,2023,2023,1,1,0.86,,,,,,
361,2023,2023,1,3,0.01,,,,,,
361,2023,2023,1,4,0.01,,,,,,
361,2023,2023,1,5,1.25,,,,,,
361,2023,2023,1,6,0.06,,,,,,
361,2023,2023,1,8,0.15,,,,,,
361,2023,2023,1,9,0.86,,,,,,
361,2023,2023,1,10,1.72,,,,,,
361,2023,2023,1,11,0.04,,,,,,
361,2023,2023,1,13,0.01,,,,,,
361,2023,2023,1,14,0.04,,,,,,
361,2023,2023,1,15,0.65,,,,,,
361,2023,2023,1,16,0.14,,,,,,
361,2023,2023,1,17,0.31,,,,,,
361,2023,2023,1,20,0.06,,,,,,
361,2023,2023,1,29,0.01,,,,,,
361,2023,2023,1,30,0.12,,,,,,
361,2023,2023,1,31,0.01,,,,,,
361,2023,2023,2,5,0.21,,,,,,
361,2023,2023,2,6,0.01,,,,,,
361,2023,2023,2,8,0.01,,,,,,
361,2023,2023,2,12,0.02,,,,,,
361,2023,2023,2,22,0.04,,,,,,
361,2023,2023,2,23,0.18,,,,,,
361,2023,2023,2,24,0.85,,,,,,
361,2023,2023,2,25,1.31,,,,,,
361,2023,2023,2,26,0.01,,,,,,
361,2023,2023,2,27,0.15,,,,,,
361,2023,2023,2,28,0.05,,,,,,
361,2023,2023,3,1,0.23,,,,,,
361,2023,2023,3,5,0.03,,,,,,
361,2023,2023,3,6,0.16,,,,,,
361,2023,2023,3,7,0.01,,,,,,
361,2023,2023,3,10,0.20,,,,,,
361,2023,2023,3,11,0.52,,,,,,
361,2023,2023,3,12,0.01,,,,,,
361,2023,2023,3,13,0.01,,,,,,
361,2023,2023,3,14,0.10,,,,,,
361,2023,2023,3,15,0.74,,,,,,
361,2023,2023,3,19,0.09,,,,,,
361,2023,2023,3,20,0.01,,,,,,
361,2023,2023,3,21,0.36,,,,,,
361,2023,2023,3,22,0.32,,,,,,
361,2023,2023,3,23,0.12,,,,,,
361,2023,2023,3,29,0.24,,,,,,
361,2023,2023,3,30,0.27,,,,,,
361,2023,2023,4,28,0.01,,,,,,
361,2023,2023,4,30,0.01,,,,,,
361,2023,2023,5,2,0.07,,,,,,
361,2023,2023,5,4,0.59,,,,,,
361,2023,2023,5,7,0.01,,,,,,
361,2023,2023,5,16,0.01,,,,,,
361,2023,2023,5,17,0.01,,,,,,
361,2023,2023,5,19,0.01,,,,,,
361,2023,2023,5,20,0.01,,,,,,
361,2023,2023,5,22,0.01,,,,,,
361,2023,2023,5,23,0.01,,,,,,
361,2023,2023,6,5,0.03,,,,,,
361,2023,2023,6,6,0.15,,,,,,
361,2023,2023,6,7,0.26,,,,,,
361,2023,2023,7,1,0.01,,,,,,
361,2023,2023,7,2,0.01,,,,,,
361,2023,2023,7,13,0.01,,,,,,
361,2023,2023,8,11,0.07,,,,,,
361,2023,2023,8,17,0.01,,,,,,
361,2023,2023,8,25,0.01,,,,,,
361,2024,2023,9,2,0.02,,,,,,
361,2024,2023,9,10,0.03,,,,,,
361,2024,2023,9,15,0.02,,,,,,
361,2024,2023,9,30,0.14,,,,,,
361,2024,2023,10,1,0.06,,,,,,
361,2024,2023,10,4,0.01,,,,,,
361,2024,2023,10,9,0.01,,,,,,
361,2024,2023,10,15,0.01,,,,,,
361,2024,2023,10,18,0.01,,,,,,
361,2024,2023,10,20,0.01,,,,,,
361,2024,2023,10,23,0.09,,,,,,
361,2024,2023,10,24,0.01,,,,,,
361,2024,2023,11,6,0.01,,,,,,
361,2024,2023,11,18,0.02,,,,,,
361,2024,2023,11,19,0.38,,,,,,
361,2024,2023,11,29,0.03,,,,,,
361,2024,2023,11,30,0.01,,,,,,
361,2024,2023,12,13,0.01,,,,,,
361,2024,2023,12,19,0.25,,,,,,
361,2024,2023,12,20,0.24,,,,,,
361,2024,2023,12,21,1.19,,,,,,
361,2024,2023,12,22,0.19,,,,,,
361,2024,2023,12,25,0.01,,,,,,
361,2024,2023,12,27,0.01,,,,,,
361,2024,2023,12,30,0.99,,,,,,
361,2024,2023,12,31,0.09,,,,,,
361,2024,2024,1,1,0.01,,,,,,
361,2024,2024,1,3,0.44,,,,,,
361,2024,2024,1,4,0.01,,,,,,
361,2024,2024,1,7,0.04,,,,,,
361,2024,2024,1,11,0.08,,,,,,
361,2024,2024,1,15,0.01,,,,,,
361,2024,2024,1,19,0.01,,,,,,
361,2024,2024,1,20,0.03,,,,,,
361,2024,2024,1,21,0.12,,,,,,
361,2024,2024,1,22,0.81,,,,,,
361,2024,2024,1,23,0.01,,,,,,
361,2024,2024,1,24,0.01,,,,,,
361,2024,2024,1,25,0.03,,,,,,
361,2024,2024,1,26,0.01,,,,,,
361,2024,2024,2,1,0.84,,,,,,
361,2024,2024,2,2,0.04,,,,,,
361,2024,2024,2,4,0.32,,,,,,
361,2024,2024,2,5,0.92,,,,,,
361,2024,2024,2,6,0.60,,,,,,
361,2024,2024,2,7,0.03,,,,,,
361,2024,2024,2,8,0.18,,,,,,
361,2024,2024,2,9,0.02,,,,,,
361,2024,2024,2,10,0.01,,,,,,
361,2024,2024,2,14,0.01,,,,,,
361,2024,2024,2,15,0.08,,,,,,
361,2024,2024,2,16,0.01,,,,,,
361,2024,2024,2,17,0.01,,,,,,
361,2024,2024,2,18,0.39,,,,,,
361,2024,2024,2,19,1.17,,,,,,
361,2024,2024,2,20,0.01,,,,,,
361,2024,2024,2,21,0.57,,,,,,
361,2024,2024,2,22,0.01,,,,,,
361,2024,2024,2,29,0.01,,,,,,
361,2024,2024,3,1,0.05,,,,,,
361,2024,2024,3,2,0.34,,,,,,
361,2024,2024,3,3,0.13,,,,,,
361,2024,2024,3,4,0.04,,,,,,
361,2024,2024,3,7,0.55,,,,,,
361,2024,2024,3,8,0.02,,,,,,
361,2024,2024,3,20,0.01,,,,,,
361,2024,2024,3,21,0.01,,,,,,
361,2024,2024,3,23,0.58,,,,,,
361,2024,2024,3,24,0.26,,,,,,
361,2024,2024,3,25,0.07,,,,,,
361,2024,2024,3,30,0.52,,,,,,
361,2024,2024,3,31,0.69,,,,,,
361,2024,2024,4,3,0.01,,,,,,
361,2024,2024,4,5,0.31,,,,,,
361,2024,2024,4,6,0.22,,,,,,
361,2024,2024,4,11,0.01,,,,,,
361,2024,2024,4,13,0.11,,,,,,
361,2024,2024,4,14,0.80,,,,,,
361,2024,2024,4,15,0.01,,,,,,
361,2024,2024,4,18,0.01,,,,,,
361,2024,2024,4,23,0.01,,,,,,
361,2024,2024,5,5,0.03,,,,,,
361,2024,2024,5,8,0.01,,,,,,
361,2024,2024,5,26,0.01,,,,,,
361,2024,2024,6,1,0.01,,,,,,
361,2024,2024,6,8,0.02,,,,,,
361,2024,2024,6,12,0.01,,,,,,
361,2024,2024,7,4,0.01,,,,,,
361,2024,2024,7,9,0.01,,,,,,
361,2024,2024,7,13,0.01,,,,,,
361,2024,2024,7,14,0.01,,,,,,
361,2024,2024,7,22,0.02,,,,,,
361,2024,2024,7,31,0.04,,,,,,
361,2024,2024,8,13,0.01,,,,,,
361,2024,2024,8,19,0.01,,,,,,
361,2024,2024,8,28,0.01,,,,,,
361,2024,2024,8,31,0.01,,,,,,